ID,Time,origin_lng,origin_lat,dest_lng,dest_lat,maximum waiting time,waiting_time,estimate_time
1,1,2439,983,586,228,136,10,10
2,1,936,2242,728,1629,196,10,10
3,2,1461,1244,69,2373,138,10,10
4,3,2443,2124,943,2109,101,10,10
5,5,1153,80,404,2581,171,10,10
6,7,1846,1246,2069,24,79,10,10
7,12,2983,2415,883,1512,83,10,10
8,13,2888,61,2467,1104,239,10,10
9,17,34,3224,2014,1229,61,10,10
10,21,570,3070,1780,2401,104,10,10
11,22,2,1165,1214,1378,101,10,10
12,24,3369,2000,326,267,129,10,10
13,27,3479,1286,925,3313,197,10,10
14,28,559,3026,1272,1138,210,10,10
15,31,673,1116,933,2448,71,10,10
16,34,597,705,1714,3245,153,10,10
17,35,1328,611,1300,1612,232,10,10
18,38,815,1023,2263,848,142,10,10
19,42,2421,1827,2532,3068,221,10,10
20,45,3090,2441,71,858,71,10,10
21,47,2505,862,221,475,205,10,10
22,48,2672,2987,826,826,63,10,10
23,51,1380,1526,551,2395,137,10,10
24,56,3359,3156,2451,2535,122,10,10
25,61,1263,1639,3200,570,148,10,10
26,62,2302,1688,3111,2782,201,10,10
27,63,559,2524,2921,3283,212,10,10
28,65,3003,105,235,818,118,10,10
29,66,3428,3188,1642,1366,85,10,10
30,70,2563,381,929,234,219,10,10
31,71,1656,1652,2084,688,216,10,10
32,74,1664,1092,783,2796,155,10,10
33,77,497,2769,411,3484,170,10,10
34,79,1665,110,154,2184,73,10,10
35,83,566,1569,2978,2425,104,10,10
36,86,1654,2077,2583,1296,78,10,10
37,88,847,2939,1483,507,141,10,10
38,90,887,2312,379,2501,113,10,10
39,95,1663,177,961,3257,73,10,10
40,98,3491,1931,258,936,171,10,10
41,99,548,563,3084,2419,88,10,10
42,100,1410,784,1550,257,83,10,10
43,105,1063,261,714,2115,178,10,10
44,109,3059,2107,3040,1860,119,10,10
45,113,125,2100,2817,1131,179,10,10
46,114,2199,997,311,2452,117,10,10
47,119,1382,1130,677,100,236,10,10
48,120,1281,258,382,2313,234,10,10
49,121,2369,227,1931,2019,153,10,10
50,125,1725,1767,1014,3428,231,10,10
51,126,3500,1152,2890,295,122,10,10
52,131,3540,2599,2019,256,225,10,10
53,135,1894,1849,1744,2171,160,10,10
54,139,1991,2492,3344,518,186,10,10
55,141,1023,975,1935,3497,76,10,10
56,142,2279,983,1404,849,202,10,10
57,146,1117,420,1065,36,176,10,10
58,149,2830,2072,99,1853,190,10,10
59,153,3438,2449,1260,3063,99,10,10
60,154,228,1344,2692,3249,206,10,10
61,159,2653,898,3414,1791,91,10,10
62,163,38,1474,1350,669,236,10,10
63,167,3475,450,1364,2130,159,10,10
64,168,1633,436,3033,2437,208,10,10
65,173,962,1556,2075,148,98,10,10
66,174,716,486,307,1419,114,10,10
67,179,1184,2842,3125,3053,190,10,10
68,180,212,1569,3102,115,68,10,10
69,181,825,1690,1854,3228,178,10,10
70,183,1053,2478,1976,1562,219,10,10
71,186,3418,1716,1888,3487,202,10,10
72,190,2332,2684,657,529,159,10,10
73,194,2251,3292,3469,1070,70,10,10
74,198,2783,3347,2418,3230,130,10,10
75,203,2173,3281,2924,388,199,10,10
76,205,3077,2078,2142,1471,185,10,10
77,207,2269,3441,1419,2406,185,10,10
78,210,1136,739,3174,3460,120,10,10
79,211,791,540,3043,1062,197,10,10
80,216,45,3196,2157,1483,186,10,10
81,218,1048,2523,2754,2665,104,10,10
82,223,3366,132,635,875,186,10,10
83,227,1902,3597,2335,64,164,10,10
84,230,2517,1057,3268,1654,191,10,10
85,235,2041,933,337,1898,192,10,10
86,237,3049,1677,3500,3190,174,10,10
87,240,2948,1665,757,178,215,10,10
88,242,528,3588,1694,1872,81,10,10
89,245,1766,1802,3093,82,209,10,10
90,249,2811,2528,1419,684,173,10,10
91,251,365,1706,391,1846,230,10,10
92,254,2396,2937,589,1068,161,10,10
93,259,456,1569,2794,2775,171,10,10
94,261,1596,386,756,251,199,10,10
95,266,2430,2622,2725,1650,203,10,10
96,271,371,3281,1169,1383,185,10,10
97,274,1079,2380,2981,2848,175,10,10
98,279,1188,1103,752,2794,130,10,10
99,281,3296,1704,495,3172,190,10,10
100,285,1254,1066,1660,426,109,10,10
101,287,3000,3428,2158,2297,64,10,10
102,289,2168,251,1314,268,173,10,10
103,293,3567,1165,1805,2387,62,10,10
104,296,452,363,1681,1380,127,10,10
105,300,1295,2544,3492,1011,183,10,10
106,305,964,2947,3475,1142,110,10,10
107,309,2136,2919,1476,1695,133,10,10
108,313,2273,60,2900,691,183,10,10
109,315,2709,1396,2996,3067,93,10,10
110,318,1374,3496,848,2880,65,10,10
111,319,1388,2484,2365,2666,168,10,10
112,323,2266,2914,2619,2530,71,10,10
113,327,2216,2497,2806,2774,84,10,10
114,328,2936,1879,1033,3174,198,10,10
115,332,2847,1785,3173,1632,180,10,10
116,333,3491,1982,905,2316,209,10,10
117,338,2028,3216,2291,127,150,10,10
118,342,113,1701,2961,3562,81,10,10
119,346,1484,1072,1795,2708,154,10,10
120,348,2755,345,2205,3547,60,10,10
121,353,1212,283,378,150,95,10,10
122,354,107,1220,1242,3100,110,10,10
123,359,2430,2906,262,951,234,10,10
124,363,184,3524,1120,643,208,10,10
125,364,1332,1990,1913,3424,99,10,10
126,368,3032,407,413,788,115,10,10
127,370,1757,1512,1244,2651,119,10,10
128,371,1885,3298,2088,1173,72,10,10
129,375,2401,440,2657,1554,167,10,10
130,377,3209,1521,1176,2559,201,10,10
131,381,1118,916,213,3338,67,10,10
132,382,2428,573,2873,418,95,10,10
133,386,401,3297,2919,456,186,10,10
134,391,265,684,1088,1302,157,10,10
135,396,206,2155,1027,1038,162,10,10
136,398,608,171,2140,2008,133,10,10
137,401,1531,304,3517,258,94,10,10
138,404,126,103,1672,2461,141,10,10
139,409,2314,934,1800,2972,195,10,10
140,414,1954,1864,2444,944,232,10,10
141,416,3226,2486,978,975,145,10,10
142,417,554,2182,1544,1561,202,10,10
143,419,2897,2824,235,104,164,10,10
144,421,178,695,1959,478,146,10,10
145,426,2244,2110,2889,2473,63,10,10
146,430,828,895,1948,1112,129,10,10
147,435,150,1662,3417,537,201,10,10
148,440,3408,1112,481,2839,112,10,10
149,441,1845,1720,1796,2736,137,10,10
150,446,259,3570,975,975,113,10,10
151,448,2397,2141,736,653,76,10,10
152,450,1855,2493,370,160,85,10,10
153,455,3230,1953,279,2556,149,10,10
154,456,79,734,3186,1612,131,10,10
155,461,2168,2978,1194,327,211,10,10
156,466,334,941,375,1741,169,10,10
157,470,2869,875,2504,3559,124,10,10
158,473,3545,807,3256,1430,70,10,10
159,474,1198,1261,3207,766,165,10,10
160,479,1185,3332,3450,1592,72,10,10
161,480,2096,713,285,1811,73,10,10
162,481,3171,961,2736,798,114,10,10
163,482,627,2425,1403,3220,154,10,10
164,486,1443,3296,1556,3063,90,10,10
165,491,347,3237,2807,1256,150,10,10
166,493,473,2252,922,494,216,10,10
167,496,2386,2403,2091,3553,230,10,10
168,499,1650,1682,131,1175,197,10,10
169,501,1888,1336,2792,1968,164,10,10
170,503,1612,332,2484,632,197,10,10
171,504,1639,98,166,3217,73,10,10
172,508,1132,2377,2024,1041,128,10,10
173,509,599,49,1414,1890,206,10,10
174,511,2516,1354,544,690,206,10,10
175,516,2823,3113,444,2878,122,10,10
176,520,3186,3395,1783,1549,214,10,10
177,524,435,674,1152,320,184,10,10
178,527,1846,3182,2398,3579,72,10,10
179,532,3316,3137,1304,903,194,10,10
180,533,596,1109,470,1427,94,10,10
181,534,3391,648,2649,1819,238,10,10
182,535,3233,469,76,2384,168,10,10
183,540,2589,3391,1255,2387,126,10,10
184,545,1627,113,2008,2753,104,10,10
185,550,348,2984,280,3417,204,10,10
186,552,3524,2953,1121,3541,240,10,10
187,555,1642,1271,1057,1910,85,10,10
188,559,678,3314,3009,1678,101,10,10
189,564,1733,1794,247,1737,110,10,10
190,567,2541,1853,1815,2067,84,10,10
191,571,506,34,184,1727,118,10,10
192,574,2023,1534,2618,123,230,10,10
193,579,1082,363,697,1283,231,10,10
194,580,515,358,956,2452,184,10,10
195,584,906,3309,1368,2974,133,10,10
196,588,1310,3498,504,2089,189,10,10
197,592,2593,1020,437,515,227,10,10
198,595,1935,3261,3574,1992,126,10,10
199,598,939,2238,521,426,164,10,10
200,600,1420,2183,2802,1961,86,10,10
201,602,90,292,3532,3049,140,10,10
202,603,3311,3438,3282,1680,194,10,10
203,606,1479,1164,1102,426,207,10,10
204,610,377,58,2224,2443,144,10,10
205,612,431,117,975,923,97,10,10
206,617,3038,2313,1726,1090,162,10,10
207,618,2277,3331,686,2116,63,10,10
208,623,1079,1696,2556,1341,223,10,10
209,625,377,1503,3248,33,75,10,10
210,629,2886,1544,3207,453,222,10,10
211,631,2769,3239,3198,3052,124,10,10
212,636,3081,2820,1856,1346,227,10,10
213,641,2372,2942,801,1298,226,10,10
214,645,900,965,1799,837,101,10,10
215,648,17,2510,650,2943,71,10,10
216,653,2068,2534,3007,1693,159,10,10
217,658,1630,2982,2985,2354,69,10,10
218,662,3487,2597,3303,599,225,10,10
219,665,802,271,3561,3205,152,10,10
220,668,1575,1571,2496,1474,227,10,10
221,671,1714,3144,883,2025,213,10,10
222,672,2286,403,1270,625,211,10,10
223,677,1708,503,1991,3241,193,10,10
224,681,2371,666,782,1946,152,10,10
225,683,3455,961,1544,1292,142,10,10
226,685,356,2339,908,2905,219,10,10
227,689,255,3197,2763,2244,136,10,10
228,690,3434,1893,1492,3357,77,10,10
229,694,907,2139,771,2015,134,10,10
230,699,1248,1982,65,3565,162,10,10
231,702,3148,1335,3589,25,102,10,10
232,707,1250,1538,233,2291,213,10,10
233,709,2977,1259,3194,3580,108,10,10
234,710,1650,1197,3558,1213,168,10,10
235,715,3536,1811,3422,2582,149,10,10
236,717,230,2079,2886,1347,109,10,10
237,720,1068,1691,3401,772,165,10,10
238,722,2138,1973,988,518,139,10,10
239,725,3308,689,2726,1432,120,10,10
240,727,1088,1066,2432,1286,139,10,10
241,729,2974,1560,3213,1852,157,10,10
242,730,56,1459,3291,2919,200,10,10
243,731,2779,2678,1442,3217,154,10,10
244,732,2180,1665,31,1293,239,10,10
245,734,2828,219,1861,863,217,10,10
246,736,2638,2958,671,2040,105,10,10
247,737,2395,1695,3253,1718,102,10,10
248,741,1554,434,20,383,86,10,10
249,743,439,472,213,1987,195,10,10
250,747,2522,2826,2770,1385,147,10,10
251,752,459,1129,1544,995,183,10,10
252,756,436,634,2707,139,103,10,10
253,760,3355,401,1643,735,136,10,10
254,764,2310,3125,682,2330,83,10,10
255,765,3271,607,2262,320,118,10,10
256,766,2606,568,928,2899,199,10,10
257,768,3148,308,2732,3123,211,10,10
258,773,3581,3600,2352,3259,107,10,10
259,774,3454,1570,2598,691,216,10,10
260,777,3295,731,1523,2209,161,10,10
261,780,2552,3385,563,2407,76,10,10
262,781,1471,3299,1531,1894,163,10,10
263,782,1772,2091,1510,3048,98,10,10
264,783,2427,2608,2420,1730,128,10,10
265,788,3331,643,379,591,119,10,10
266,790,883,3156,2792,417,196,10,10
267,793,1191,938,3586,1634,92,10,10
268,794,2567,107,2935,2746,126,10,10
269,798,3124,335,614,222,175,10,10
270,801,2149,1601,3212,3026,216,10,10
271,803,1578,970,2766,1449,177,10,10
272,808,1431,887,3549,1424,110,10,10
273,810,477,2961,1810,1895,232,10,10
274,814,2498,3555,2342,3455,210,10,10
275,816,343,3093,1258,2638,144,10,10
276,821,1748,3034,2563,2155,131,10,10
277,823,2443,477,1539,2083,125,10,10
278,826,2806,1138,1902,690,214,10,10
279,828,616,1957,1647,650,75,10,10
280,833,1917,1585,514,2477,115,10,10
281,838,174,1039,1977,2872,172,10,10
282,843,151,1071,1717,2742,109,10,10
283,847,2804,1109,2925,643,154,10,10
284,848,1453,1361,968,1172,162,10,10
285,849,645,3136,227,3316,60,10,10
286,852,1945,1536,3207,3414,107,10,10
287,853,2812,2323,1591,1113,145,10,10
288,856,3301,3301,271,368,117,10,10
289,860,1607,622,2312,581,143,10,10
290,861,2452,2425,478,837,230,10,10
291,862,353,3474,1674,3051,75,10,10
292,866,398,1451,3474,2921,151,10,10
293,867,2958,594,393,3213,88,10,10
294,871,758,2878,1024,1919,99,10,10
295,875,2532,1712,3307,1513,240,10,10
296,876,3491,3535,239,527,179,10,10
297,879,2843,3273,2723,564,84,10,10
298,883,3381,3487,2863,355,240,10,10
299,888,1451,131,1249,1519,196,10,10
300,889,2732,2125,1420,120,236,10,10
301,890,2915,626,2676,1870,202,10,10
302,893,1772,862,1986,2339,102,10,10
303,895,3553,1763,1380,343,121,10,10
304,898,2888,1590,3316,608,214,10,10
305,899,205,1205,3179,2264,66,10,10
306,902,1650,3568,1824,2188,95,10,10
307,906,143,2234,2446,1507,205,10,10
308,909,323,1941,2719,217,239,10,10
309,912,3063,2595,465,1606,65,10,10
310,917,3288,2502,468,1379,107,10,10
311,922,2105,3083,1481,3156,93,10,10
312,927,3387,1852,3045,2224,63,10,10
313,931,94,1181,2285,1845,150,10,10
314,932,3478,445,3600,1331,190,10,10
315,936,2035,2497,1406,886,110,10,10
316,937,3536,3002,226,146,190,10,10
317,939,1839,3078,1508,1102,163,10,10
318,942,1143,125,3088,3294,202,10,10
319,947,3380,2925,143,3181,80,10,10
320,949,1199,980,2950,2401,123,10,10
321,953,1953,3093,2338,1513,111,10,10
322,954,3221,413,247,511,240,10,10
323,956,2442,3038,3550,1191,209,10,10
324,959,2364,3139,1805,554,232,10,10
325,963,381,2945,3098,1884,148,10,10
326,965,1221,139,1172,2258,93,10,10
327,966,2303,390,1956,3138,132,10,10
328,968,1270,1076,3594,2553,111,10,10
329,969,1858,1550,876,1356,95,10,10
330,970,725,2000,2654,2058,167,10,10
331,973,2195,2216,2908,1298,175,10,10
332,977,446,3003,1007,396,188,10,10
333,982,749,1819,1301,2574,186,10,10
334,986,176,3365,2055,839,78,10,10
335,990,965,1269,610,2897,75,10,10
336,991,1004,1920,2333,1393,120,10,10
337,992,2771,3504,130,1661,207,10,10
338,993,2011,1225,2608,846,119,10,10
339,994,480,2828,666,1299,75,10,10
340,998,3270,3294,2759,811,111,10,10
341,1003,3161,1729,124,2091,179,10,10
342,1006,1951,1352,3012,3596,185,10,10
343,1010,1064,2660,2329,1409,130,10,10
344,1013,1679,2635,3509,2715,68,10,10
345,1017,2067,1154,2364,2477,61,10,10
346,1019,3312,1616,389,185,239,10,10
347,1021,832,2322,3237,3263,235,10,10
348,1026,964,2261,2331,628,203,10,10
349,1031,606,1400,446,2503,201,10,10
350,1034,3296,2030,2558,2948,217,10,10
351,1037,3477,925,1388,2304,121,10,10
352,1038,2542,376,2319,3272,130,10,10
353,1043,2865,1276,3542,916,187,10,10
354,1047,614,3325,3027,62,236,10,10
355,1049,1451,3418,2421,3448,152,10,10
356,1052,2530,3034,522,668,143,10,10
357,1053,1873,2933,87,1325,165,10,10
358,1055,1841,3402,617,1287,125,10,10
359,1056,623,585,1615,3020,206,10,10
360,1059,1785,2251,2286,103,66,10,10
361,1064,68,2837,602,946,125,10,10
362,1069,3030,2516,2542,3422,181,10,10
363,1073,3463,1856,1735,1700,227,10,10
364,1077,407,690,3189,1038,117,10,10
365,1079,1259,473,1031,3443,67,10,10
366,1081,2785,1521,1803,672,182,10,10
367,1084,1205,1375,1324,2597,174,10,10
368,1087,1113,3123,951,1096,84,10,10
369,1090,1174,1378,3013,2286,149,10,10
370,1094,1712,1640,2921,192,203,10,10
371,1098,1824,414,2844,1231,141,10,10
372,1102,2093,2774,3387,1338,227,10,10
373,1103,544,2860,2261,1024,69,10,10
374,1108,540,1265,2692,1386,62,10,10
375,1111,607,617,3055,2733,235,10,10
376,1113,3042,1865,3141,2355,214,10,10
377,1115,2382,2535,3283,2456,227,10,10
378,1118,495,1329,1460,2628,200,10,10
379,1119,3093,1286,1404,1542,70,10,10
380,1124,2516,2072,1784,2820,190,10,10
381,1129,2402,1763,2123,83,101,10,10
382,1131,2878,2507,1952,1889,148,10,10
383,1134,647,1250,342,3330,72,10,10
384,1139,896,2392,2600,3170,191,10,10
385,1140,205,1058,3395,1610,130,10,10
386,1143,1958,1535,2284,1797,105,10,10
387,1148,1881,1195,1251,2390,229,10,10
388,1150,2157,2328,422,2924,209,10,10
389,1152,929,1263,1952,770,203,10,10
390,1153,1012,1162,2279,1218,152,10,10
391,1156,995,2349,1432,754,204,10,10
392,1158,4,694,3053,2108,187,10,10
393,1161,3235,1944,3398,2916,190,10,10
394,1166,2389,1023,1565,294,227,10,10
395,1167,2194,3564,720,978,98,10,10
396,1171,1126,1598,1256,3013,154,10,10
397,1172,2699,3196,1582,347,70,10,10
398,1175,3005,3479,2224,1020,225,10,10
399,1178,2968,2539,3149,3559,164,10,10
400,1183,3356,827,3278,76,187,10,10
401,1184,1190,3410,2468,2505,165,10,10
402,1189,2092,1914,2450,1269,150,10,10
403,1194,2279,2566,673,706,67,10,10
404,1197,1889,1049,2953,3063,65,10,10
405,1200,645,649,1829,3448,77,10,10
406,1204,2377,2086,2464,1344,72,10,10
407,1209,3305,1545,283,1196,171,10,10
408,1213,201,1982,549,194,183,10,10
409,1218,3150,2575,3485,33,89,10,10
410,1220,223,2511,2260,973,202,10,10
411,1223,1860,3093,2286,3570,83,10,10
412,1228,3159,2341,1673,2982,192,10,10
413,1233,2203,764,775,2383,159,10,10
414,1236,1088,3571,389,1556,130,10,10
415,1237,229,2533,1591,548,229,10,10
416,1239,3249,3054,1976,2249,143,10,10
417,1244,3238,696,697,1632,78,10,10
418,1248,185,3144,936,1598,212,10,10
419,1250,2835,1589,1512,3378,213,10,10
420,1251,794,3455,429,2796,173,10,10
421,1256,758,1808,1725,938,177,10,10
422,1258,1043,2238,823,149,61,10,10
423,1261,2879,471,3485,3030,193,10,10
424,1262,588,241,854,2849,123,10,10
425,1265,2343,993,88,1013,220,10,10
426,1266,898,2427,2085,2290,103,10,10
427,1268,2134,435,1348,3008,190,10,10
428,1271,288,1552,2138,3051,225,10,10
429,1274,289,2765,604,3391,109,10,10
430,1277,896,2844,1532,371,203,10,10
431,1282,2948,1769,2511,1231,199,10,10
432,1283,1104,940,3194,409,135,10,10
433,1287,2493,2853,3017,1315,181,10,10
434,1288,344,435,1342,558,235,10,10
435,1290,1698,617,2340,3166,216,10,10
436,1295,1314,2975,1331,1148,84,10,10
437,1299,934,820,1398,3262,67,10,10
438,1301,1759,2425,853,596,156,10,10
439,1302,2897,1261,2672,970,83,10,10
440,1303,1320,613,1165,824,226,10,10
441,1306,2888,2948,3262,2977,158,10,10
442,1307,944,61,271,1790,61,10,10
443,1312,1622,3246,1984,1491,95,10,10
444,1314,1929,2491,3094,289,184,10,10
445,1316,3146,255,964,3336,82,10,10
446,1319,1661,1565,3175,1251,87,10,10
447,1321,2816,1049,1208,2860,108,10,10
448,1324,1211,3110,1580,2481,64,10,10
449,1327,717,3231,1817,3207,158,10,10
450,1330,3076,885,1046,3571,210,10,10
451,1334,1247,2172,483,1058,102,10,10
452,1335,3271,1433,2494,2001,96,10,10
453,1337,1678,2173,2935,442,228,10,10
454,1339,3229,3037,639,1704,82,10,10
455,1340,384,1539,1491,700,172,10,10
456,1341,1770,2198,794,350,96,10,10
457,1344,2656,541,1240,1625,210,10,10
458,1348,2332,3004,2878,2094,117,10,10
459,1349,1534,2615,610,3314,89,10,10
460,1351,1319,2727,2491,493,193,10,10
461,1353,2589,3158,889,1475,171,10,10
462,1358,1961,2907,592,2791,120,10,10
463,1363,1620,638,2272,3166,97,10,10
464,1368,245,3385,3259,1472,176,10,10
465,1372,216,2941,1653,532,119,10,10
466,1376,280,2449,3175,3450,189,10,10
467,1381,1294,1786,3399,2028,219,10,10
468,1386,1882,1392,1528,2304,216,10,10
469,1388,323,1237,643,2428,194,10,10
470,1391,3129,2962,394,3339,208,10,10
471,1394,2118,870,3537,1735,150,10,10
472,1399,2614,689,1505,1722,96,10,10
473,1401,2681,3270,2342,2686,223,10,10
474,1405,1834,2093,2810,2001,175,10,10
475,1407,2519,1276,826,1552,114,10,10
476,1412,589,1960,2438,2128,201,10,10
477,1416,442,2360,1079,1736,236,10,10
478,1418,1459,2337,605,226,221,10,10
479,1421,1917,1471,3569,430,150,10,10
480,1424,2314,1796,2001,1572,171,10,10
481,1426,525,2097,2750,1006,71,10,10
482,1428,1236,2406,1203,2680,227,10,10
483,1431,1999,788,1955,1898,177,10,10
484,1434,3329,1426,3540,2537,169,10,10
485,1438,3114,2044,165,1595,199,10,10
486,1442,1672,1629,3377,61,150,10,10
487,1443,1326,1034,203,1793,150,10,10
488,1445,1678,173,717,1572,150,10,10
489,1449,2253,359,3322,1719,179,10,10
490,1450,3354,1809,1955,1009,210,10,10
491,1451,1120,2046,2074,3092,147,10,10
492,1452,2222,2603,3340,2476,120,10,10
493,1455,2111,3322,1283,2315,85,10,10
494,1456,2993,2072,3369,1898,173,10,10
495,1461,220,3113,2995,939,124,10,10
496,1464,489,2172,2507,3392,170,10,10
497,1469,2808,3327,446,2240,189,10,10
498,1472,3114,288,3584,231,134,10,10
499,1473,56,3221,3157,795,69,10,10
500,1474,554,725,2061,75,78,10,10
501,1479,948,1130,2583,88,239,10,10
502,1483,2124,1583,714,2328,173,10,10
503,1485,263,809,2789,2156,170,10,10
504,1488,3574,2452,3290,919,101,10,10
505,1493,750,428,1360,3466,116,10,10
506,1494,2099,2564,1500,1240,176,10,10
507,1497,1430,2552,3451,1370,98,10,10
508,1502,252,1593,3594,2832,114,10,10
509,1504,816,792,1679,33,109,10,10
510,1507,1255,2721,203,2169,177,10,10
511,1512,1921,212,3431,1945,229,10,10
512,1513,2038,1378,1158,527,186,10,10
513,1518,2112,1740,1597,607,176,10,10
514,1523,2449,2984,1963,628,130,10,10
515,1524,2921,2630,1460,501,189,10,10
516,1527,196,708,1715,1577,127,10,10
517,1529,562,3101,1768,1992,179,10,10
518,1534,2397,390,2977,2156,99,10,10
519,1538,655,1424,843,1189,71,10,10
520,1543,2612,987,3450,2055,102,10,10
521,1545,2676,1042,2432,2,64,10,10
522,1548,41,377,1286,1696,86,10,10
523,1550,2595,1010,2624,1239,205,10,10
524,1553,2981,3485,1160,2509,214,10,10
525,1558,2901,1776,1678,2180,83,10,10
526,1562,3315,2298,2166,2433,140,10,10
527,1567,2135,2777,2455,1474,67,10,10
528,1568,566,1437,3529,641,167,10,10
529,1569,2957,188,2042,1525,79,10,10
530,1573,2535,1091,3372,3307,116,10,10
531,1575,2723,1133,2591,1410,190,10,10
532,1578,857,1132,2775,3496,105,10,10
533,1582,526,3170,1713,29,71,10,10
534,1587,1576,1038,1172,2064,64,10,10
535,1590,1597,1017,60,2806,206,10,10
536,1594,3372,2688,298,3085,210,10,10
537,1595,84,545,2284,899,129,10,10
538,1599,1817,300,3022,261,117,10,10
539,1600,2557,711,1076,537,152,10,10
540,1602,116,68,2592,302,145,10,10
541,1606,2648,1285,3149,797,70,10,10
542,1609,2715,1615,1882,1279,219,10,10
543,1613,1057,630,1588,577,172,10,10
544,1616,2211,2960,1122,2624,160,10,10
545,1620,3066,2779,195,3060,157,10,10
546,1625,1967,471,2538,1714,141,10,10
547,1628,885,1572,3475,3172,179,10,10
548,1633,2010,38,1942,2455,97,10,10
549,1634,1332,1057,2229,2607,170,10,10
550,1635,2684,1474,523,2533,122,10,10
551,1640,1998,3600,1940,2705,107,10,10
552,1641,2138,299,498,3467,117,10,10
553,1642,1053,913,531,1485,208,10,10
554,1646,608,2885,3071,2809,126,10,10
555,1650,657,2286,2847,481,125,10,10
556,1655,1157,889,2592,212,119,10,10
557,1659,238,2766,2834,1848,66,10,10
558,1660,1150,2118,2146,1765,115,10,10
559,1661,1519,3532,1187,330,177,10,10
560,1664,2501,992,3438,2077,121,10,10
561,1665,3243,1772,2744,3325,153,10,10
562,1667,272,2101,1612,3423,135,10,10
563,1672,2881,2313,1011,897,172,10,10
564,1674,1614,1517,2325,2116,144,10,10
565,1679,3272,3362,2540,517,109,10,10
566,1683,924,2898,3251,1769,177,10,10
567,1684,1981,2579,2109,1669,214,10,10
568,1687,2301,236,47,603,171,10,10
569,1692,3094,749,78,2474,171,10,10
570,1693,3201,60,115,2486,124,10,10
571,1696,1266,1295,117,3211,185,10,10
572,1701,2177,2862,6,1328,197,10,10
573,1706,2297,2787,1923,3046,202,10,10
574,1709,2105,2502,2588,1845,153,10,10
575,1712,2622,2642,1059,1701,102,10,10
576,1713,790,1009,3487,1747,77,10,10
577,1718,1577,3282,3052,902,191,10,10
578,1723,1464,636,3013,1105,63,10,10
579,1724,2062,3194,2306,3071,83,10,10
580,1728,783,412,1423,2880,191,10,10
581,1733,3064,2257,447,133,154,10,10
582,1738,195,771,1726,1119,72,10,10
583,1740,2173,416,3435,2077,125,10,10
584,1744,800,3154,1419,1097,85,10,10
585,1747,3461,2691,2316,2417,110,10,10
586,1752,2111,1335,2893,1882,119,10,10
587,1753,2839,55,2068,2803,153,10,10
588,1756,2227,2432,3129,460,207,10,10
589,1757,1784,2446,3091,485,134,10,10
590,1761,562,3010,1791,1972,193,10,10
591,1763,1249,2860,350,2973,207,10,10
592,1768,2511,470,185,1142,81,10,10
593,1773,3423,2981,7,671,156,10,10
594,1775,718,2063,2287,184,142,10,10
595,1777,2956,425,767,3475,218,10,10
596,1780,582,3358,3080,1364,215,10,10
597,1785,669,2294,2873,2608,78,10,10
598,1787,1330,317,1814,3136,162,10,10
599,1789,1322,1603,2153,1343,115,10,10
600,1793,3019,3357,1029,1798,80,10,10
601,1795,3414,3253,1990,2482,130,10,10
602,1797,1253,1224,1080,1920,77,10,10
603,1798,2759,1996,2118,413,125,10,10
604,1801,1533,247,2359,3327,230,10,10
605,1804,2449,1909,99,1080,131,10,10
606,1807,356,197,745,2994,172,10,10
607,1809,2072,895,554,963,141,10,10
608,1814,2793,1405,362,2551,80,10,10
609,1816,1293,3151,417,127,185,10,10
610,1820,3420,1444,835,855,92,10,10
611,1822,631,1030,1748,2610,62,10,10
612,1826,721,1296,265,997,77,10,10
613,1829,1709,1155,1649,2974,144,10,10
614,1831,2497,1966,1207,3384,150,10,10
615,1833,1343,71,296,2709,209,10,10
616,1835,2916,2846,1978,202,226,10,10
617,1840,5,2405,3313,3213,85,10,10
618,1845,173,1257,3592,1125,117,10,10
619,1846,2575,419,1893,2805,233,10,10
620,1851,2409,2385,3261,2241,197,10,10
621,1855,2132,2910,293,1608,147,10,10
622,1860,2967,915,279,2187,107,10,10
623,1861,1538,1526,876,2903,184,10,10
624,1866,2181,1171,1359,1586,128,10,10
625,1868,2209,1858,988,2159,107,10,10
626,1872,3120,47,935,1462,196,10,10
627,1876,1039,2462,2334,2664,201,10,10
628,1877,198,3271,2750,2897,187,10,10
629,1879,2871,1317,1410,2616,211,10,10
630,1881,1957,2201,1792,1616,216,10,10
631,1882,435,1829,1797,233,189,10,10
632,1887,2513,3413,1545,2395,227,10,10
633,1889,2677,329,912,3159,87,10,10
634,1891,131,2599,3209,1505,104,10,10
635,1895,1502,2554,2227,118,90,10,10
636,1899,1716,2172,1547,2986,224,10,10
637,1904,523,1470,3189,2950,63,10,10
638,1907,1734,2654,570,2217,164,10,10
639,1912,1301,497,2946,3402,191,10,10
640,1917,199,191,1262,760,240,10,10
641,1921,3428,1361,3536,42,80,10,10
642,1922,969,2465,1836,3177,197,10,10
643,1924,693,1935,2884,957,169,10,10
644,1926,617,2707,2673,377,202,10,10
645,1930,2369,3094,1293,1943,174,10,10
646,1931,2546,1194,2391,542,191,10,10
647,1934,34,2162,1466,1009,162,10,10
648,1936,2785,2536,171,3241,154,10,10
649,1941,2774,332,2894,1861,125,10,10
650,1943,3248,423,2432,2224,186,10,10
651,1945,806,3261,204,3016,80,10,10
652,1949,253,3468,2337,975,213,10,10
653,1953,415,2610,1699,2720,221,10,10
654,1955,2498,2742,1823,1342,77,10,10
655,1957,152,1178,1382,2140,119,10,10
656,1959,1014,2748,2511,1417,117,10,10
657,1963,2245,694,995,671,113,10,10
658,1967,3184,1904,3341,238,114,10,10
659,1969,1900,1852,910,2572,194,10,10
660,1970,1452,2901,300,1576,136,10,10
661,1975,277,2893,799,1233,165,10,10
662,1976,1725,2477,3176,1477,74,10,10
663,1981,2853,2921,2019,515,177,10,10
664,1983,3379,402,685,1256,153,10,10
665,1986,2352,3095,3547,3437,108,10,10
666,1988,2891,2567,2576,898,130,10,10
667,1992,2293,2822,3330,1769,160,10,10
668,1994,763,405,2150,2752,122,10,10
669,1998,3257,2427,2357,343,84,10,10
670,2003,2389,3522,895,3566,148,10,10
671,2008,2355,1481,3437,2628,135,10,10
672,2010,3248,372,2729,1712,154,10,10
673,2011,429,2119,1030,194,239,10,10
674,2016,10,1300,3380,1145,189,10,10
675,2019,138,1145,329,2035,84,10,10
676,2023,467,1789,1727,456,239,10,10
677,2025,3479,1472,2140,3094,183,10,10
678,2027,2370,1468,1134,1579,91,10,10
679,2030,256,1508,3519,2714,132,10,10
680,2031,2616,2650,1544,2615,218,10,10
681,2033,1041,2900,3350,1808,99,10,10
682,2034,3234,3541,3374,2013,177,10,10
683,2036,3462,2813,3163,114,83,10,10
684,2041,2103,1019,393,76,237,10,10
685,2046,3144,3523,2831,2929,127,10,10
686,2048,3576,3417,3319,340,136,10,10
687,2050,1551,2724,1082,228,202,10,10
688,2055,2938,3404,1641,120,192,10,10
689,2058,1285,12,2368,215,176,10,10
690,2061,1920,377,1755,3314,188,10,10
691,2066,514,1515,2412,2420,100,10,10
692,2070,557,883,3195,742,97,10,10
693,2075,2781,1126,777,3278,224,10,10
694,2076,3198,2525,1398,1179,101,10,10
695,2081,2333,461,1989,3035,237,10,10
696,2084,27,1076,1322,1178,212,10,10
697,2088,1688,1209,2708,2538,170,10,10
698,2091,1174,2716,3239,149,224,10,10
699,2093,315,2739,1391,1734,228,10,10
700,2097,3503,3243,2255,2132,215,10,10
701,2102,1783,417,570,3110,204,10,10
702,2104,1185,2420,1546,2003,217,10,10
703,2109,420,1776,1701,59,64,10,10
704,2111,2573,984,3098,1874,72,10,10
705,2114,2515,2634,2594,993,201,10,10
706,2118,1168,1687,1685,2214,184,10,10
707,2123,1610,817,3120,2790,106,10,10
708,2128,2749,3131,328,2801,112,10,10
709,2129,388,2453,2796,584,138,10,10
710,2131,2182,1408,3461,1366,141,10,10
711,2135,178,133,303,3158,153,10,10
712,2137,153,1814,400,2488,195,10,10
713,2139,2270,391,3097,2149,186,10,10
714,2142,2414,953,1094,732,157,10,10
715,2143,2075,2826,558,1357,160,10,10
716,2146,1685,1715,2777,2589,233,10,10
717,2150,57,3374,566,2698,90,10,10
718,2153,439,1432,385,917,142,10,10
719,2157,2091,2805,3010,3094,156,10,10
720,2160,1482,736,2537,2770,223,10,10
721,2161,2613,3550,3124,1570,125,10,10
722,2164,1952,1142,2866,809,93,10,10
723,2167,1829,1796,2622,124,195,10,10
724,2171,1558,2411,294,277,175,10,10
725,2172,312,547,602,764,229,10,10
726,2175,431,3008,678,24,186,10,10
727,2176,1999,2711,2088,823,89,10,10
728,2181,1547,1367,570,2139,63,10,10
729,2184,101,1779,3309,2564,116,10,10
730,2187,118,2929,1384,1892,146,10,10
731,2188,2434,902,2754,2874,91,10,10
732,2192,371,3316,2306,854,101,10,10
733,2197,3531,3283,1712,3461,145,10,10
734,2199,757,923,3180,1249,165,10,10
735,2201,2274,2925,2613,679,97,10,10
736,2204,1028,74,2979,378,137,10,10
737,2205,1028,3514,1340,1687,204,10,10
738,2207,3007,2618,1382,1506,158,10,10
739,2212,1660,2899,2828,1654,162,10,10
740,2214,394,2440,2479,2052,194,10,10
741,2215,1676,437,976,1402,157,10,10
742,2219,241,1626,2255,2072,198,10,10
743,2224,233,1465,880,688,223,10,10
744,2227,299,2881,3353,3476,123,10,10
745,2231,2965,2913,3119,185,61,10,10
746,2234,2683,2348,3396,1507,221,10,10
747,2236,3303,1380,2827,1516,164,10,10
748,2239,2856,3576,2495,1403,62,10,10
749,2243,2301,2801,2271,2196,126,10,10
750,2248,1993,2768,761,364,137,10,10
751,2252,2247,551,1057,683,218,10,10
752,2253,2671,2033,557,3346,197,10,10
753,2254,2950,1641,2637,930,126,10,10
754,2255,2565,2264,282,49,235,10,10
755,2256,1138,2501,1989,1725,164,10,10
756,2260,1075,2903,3440,82,207,10,10
757,2264,589,2216,1623,2369,144,10,10
758,2269,3254,1982,1106,3437,208,10,10
759,2274,3169,2891,3245,602,232,10,10
760,2275,2471,2266,1235,764,149,10,10
761,2278,2335,2964,53,1332,123,10,10
762,2282,989,874,3059,2288,153,10,10
763,2287,3414,1090,1698,254,220,10,10
764,2291,2616,2136,1157,1432,225,10,10
765,2293,2176,3482,2953,2610,120,10,10
766,2294,1945,1359,424,184,175,10,10
767,2296,559,1146,2174,706,135,10,10
768,2299,1163,11,3456,1750,229,10,10
769,2303,599,844,1558,1107,138,10,10
770,2307,566,2480,1296,3227,128,10,10
771,2311,748,2384,2622,988,237,10,10
772,2313,327,1068,1076,2181,214,10,10
773,2317,2941,1814,2017,1280,230,10,10
774,2319,1793,844,1560,3116,80,10,10
775,2323,2519,1808,2024,2395,152,10,10
776,2327,1042,2587,183,1281,180,10,10
777,2330,579,1065,744,3569,117,10,10
778,2335,2197,865,1866,3550,173,10,10
779,2338,598,3178,2562,2771,158,10,10
780,2339,2315,3076,3083,2272,238,10,10
781,2340,1138,2405,3063,1283,113,10,10
782,2344,2111,2083,1811,209,71,10,10
783,2347,1895,2207,2424,2368,64,10,10
784,2350,2301,1584,2772,1340,93,10,10
785,2352,1024,977,2285,779,134,10,10
786,2354,2887,973,773,304,105,10,10
787,2357,3328,2446,345,980,203,10,10
788,2361,3155,3552,3225,1171,106,10,10
789,2362,575,1640,1945,1557,103,10,10
790,2367,2598,2984,1099,1840,124,10,10
791,2370,1899,3177,708,2002,71,10,10
792,2373,2091,1938,650,819,146,10,10
793,2377,34,453,1855,585,178,10,10
794,2379,3195,1024,2447,2682,216,10,10
795,2380,1006,482,3073,1419,238,10,10
796,2383,2918,3446,3502,2231,145,10,10
797,2387,1721,248,394,1013,143,10,10
798,2388,2427,1066,2945,1985,202,10,10
799,2393,3213,591,1506,1817,149,10,10
800,2394,3340,2918,902,1490,239,10,10
801,2399,2389,2793,1420,2943,174,10,10
802,2402,1590,3084,3547,510,207,10,10
803,2407,3515,2586,3358,3589,81,10,10
804,2411,756,2656,764,588,213,10,10
805,2416,3466,1732,1293,1012,88,10,10
806,2420,2874,3088,2761,1441,202,10,10
807,2424,2254,795,2790,2491,218,10,10
808,2425,2535,2950,1319,2646,157,10,10
809,2429,1065,2917,1597,1178,212,10,10
810,2431,96,2540,325,243,118,10,10
811,2433,868,1089,3189,2407,217,10,10
812,2436,546,2992,3572,2364,70,10,10
813,2440,469,1177,2339,333,210,10,10
814,2443,1134,2241,2658,2307,205,10,10
815,2446,515,3272,25,2342,82,10,10
816,2447,2633,750,167,2134,150,10,10
817,2450,1934,1083,1813,1807,87,10,10
818,2454,1708,2784,2545,2920,170,10,10
819,2457,406,273,1834,1323,196,10,10
820,2461,3221,1953,2260,2430,151,10,10
821,2462,1850,2786,542,1877,79,10,10
822,2463,2083,2087,3072,104,104,10,10
823,2466,962,2095,2207,1441,187,10,10
824,2470,1544,2614,1937,2385,76,10,10
825,2473,651,961,899,1540,95,10,10
826,2474,2247,1778,3520,1077,93,10,10
827,2479,3281,3156,2346,1177,233,10,10
828,2480,1461,1109,2700,720,104,10,10
829,2482,2103,2678,2333,1343,130,10,10
830,2485,1505,364,333,1717,107,10,10
831,2490,905,267,356,1265,158,10,10
832,2493,2968,2852,2119,1561,165,10,10
833,2497,1891,1775,2300,2514,77,10,10
834,2502,1156,1491,1918,106,145,10,10
835,2507,1397,2278,1962,253,203,10,10
836,2510,1191,3470,312,685,64,10,10
837,2511,432,2140,46,53,159,10,10
838,2514,1428,116,266,2785,192,10,10
839,2519,2000,862,2743,3473,236,10,10
840,2521,1812,2193,1970,2006,156,10,10
841,2522,251,456,521,702,229,10,10
842,2527,2460,1834,2278,3549,195,10,10
843,2531,3224,2348,2359,1418,80,10,10
844,2532,720,1023,1082,1186,60,10,10
845,2533,2431,1768,2874,1584,151,10,10
846,2534,3546,301,1505,1166,79,10,10
847,2535,787,2022,3347,518,91,10,10
848,2536,114,3381,3148,2070,91,10,10
849,2541,637,330,2182,1163,150,10,10
850,2546,2085,3466,1904,2546,96,10,10
851,2551,1211,166,3072,333,65,10,10
852,2552,643,627,670,2285,177,10,10
853,2553,2112,3523,1369,3331,106,10,10
854,2557,2506,2685,3560,1147,122,10,10
855,2560,1127,1506,2880,70,140,10,10
856,2563,1682,2391,1111,1482,222,10,10
857,2564,2158,497,2406,1763,99,10,10
858,2566,992,751,804,1031,138,10,10
859,2571,852,1798,3092,3314,187,10,10
860,2576,3022,1061,2877,183,200,10,10
861,2579,901,918,3564,102,121,10,10
862,2582,844,2041,2806,1763,196,10,10
863,2586,1329,897,1956,218,164,10,10
864,2590,1885,3016,3110,978,176,10,10
865,2595,1857,396,1764,643,142,10,10
866,2596,695,697,1955,2775,156,10,10
867,2599,1214,1802,227,2482,221,10,10
868,2602,2860,1750,1545,2488,110,10,10
869,2604,971,1485,2805,2645,239,10,10
870,2608,2116,837,2596,435,69,10,10
871,2610,3155,2252,2321,1894,68,10,10
872,2615,2901,3269,3133,1910,219,10,10
873,2620,1477,2393,2832,1238,211,10,10
874,2623,3081,2209,1977,1534,83,10,10
875,2624,1493,3414,749,649,228,10,10
876,2627,965,1933,2480,285,217,10,10
877,2630,10,3095,3531,3009,155,10,10
878,2633,1620,199,1711,337,217,10,10
879,2635,2426,3173,2946,1992,188,10,10
880,2639,2675,241,1756,3074,61,10,10
881,2640,1784,2515,290,3421,186,10,10
882,2642,3361,2564,1254,1261,216,10,10
883,2643,1714,819,2362,741,150,10,10
884,2645,3480,1335,135,1378,105,10,10
885,2647,2339,74,2090,296,79,10,10
886,2651,782,609,2853,277,178,10,10
887,2655,1422,2004,3574,1971,100,10,10
888,2656,2750,930,336,2726,113,10,10
889,2657,2291,298,3373,2235,125,10,10
890,2658,1354,3481,3385,3217,99,10,10
891,2660,1406,927,918,374,231,10,10
892,2664,3241,1427,1547,1896,161,10,10
893,2668,1825,2811,1338,808,165,10,10
894,2670,1821,163,2222,2720,179,10,10
895,2671,3448,2397,847,2562,172,10,10
896,2673,1244,393,3511,2920,117,10,10
897,2678,331,3162,2381,2417,148,10,10
898,2679,824,631,2433,3232,239,10,10
899,2682,827,1336,3280,2119,154,10,10
900,2685,2467,2228,402,3274,209,10,10
901,2687,549,673,2796,3152,86,10,10
902,2691,2678,2020,3378,3101,198,10,10
903,2696,331,196,1101,3558,136,10,10
904,2699,907,1976,2617,1088,165,10,10
905,2704,2061,1033,473,1382,113,10,10
906,2707,1424,1025,3348,2091,168,10,10
907,2711,648,3167,903,1489,208,10,10
908,2716,2825,991,468,1717,133,10,10
909,2720,150,2390,1983,523,97,10,10
910,2725,80,2410,545,2664,107,10,10
911,2726,3407,652,1441,3453,119,10,10
912,2728,2248,2405,1683,2606,98,10,10
913,2732,2083,2068,419,796,117,10,10
914,2733,2343,2696,3508,822,109,10,10
915,2734,2449,2399,3207,1969,150,10,10
916,2735,1842,34,2530,2262,131,10,10
917,2738,2919,1886,841,1160,121,10,10
918,2739,2912,1378,1056,1638,86,10,10
919,2744,1508,1742,216,2365,81,10,10
920,2749,2341,1450,2236,2478,131,10,10
921,2751,2515,1588,742,1999,201,10,10
922,2756,2195,1527,3026,1366,194,10,10
923,2760,903,15,680,1306,145,10,10
924,2765,2027,1762,928,1846,201,10,10
925,2770,3081,1258,1900,1247,200,10,10
926,2773,1880,384,2135,672,133,10,10
927,2776,398,3275,2981,714,227,10,10
928,2779,1661,397,819,2326,200,10,10
929,2783,1049,3291,807,2045,114,10,10
930,2787,325,1541,2341,868,95,10,10
931,2791,3025,1991,1718,3507,147,10,10
932,2793,2306,1062,257,2408,231,10,10
933,2794,2022,3243,583,303,166,10,10
934,2798,1773,3050,1330,2115,111,10,10
935,2800,3483,2773,735,781,125,10,10
936,2805,2241,3449,485,1817,74,10,10
937,2810,622,2142,3337,359,200,10,10
938,2812,422,2324,1676,1246,227,10,10
939,2816,2164,365,328,722,216,10,10
940,2819,3018,1286,3325,921,154,10,10
941,2824,2558,2315,2708,138,66,10,10
942,2825,2593,1732,373,2063,137,10,10
943,2830,2899,2472,3258,1962,222,10,10
944,2833,1178,3217,1031,1994,71,10,10
945,2838,2827,2935,1327,2651,200,10,10
946,2842,2671,719,225,2265,149,10,10
947,2845,3428,14,622,3000,123,10,10
948,2847,518,2597,1654,3000,153,10,10
949,2851,2516,1459,642,2422,181,10,10
950,2856,3386,3324,2573,366,150,10,10
951,2860,3113,591,3303,1014,236,10,10
952,2864,881,1180,865,618,234,10,10
953,2869,2687,689,1324,1613,159,10,10
954,2870,2595,532,887,1006,116,10,10
955,2871,2004,3374,3141,1327,207,10,10
956,2874,2632,554,205,3075,126,10,10
957,2877,206,1666,1884,1053,75,10,10
958,2882,3355,2635,2970,414,99,10,10
959,2884,1558,373,1732,944,152,10,10
960,2889,1663,493,2893,2394,105,10,10
961,2892,128,2304,170,3197,208,10,10
962,2897,197,2759,2528,1398,143,10,10
963,2899,801,1886,703,1077,239,10,10
964,2901,2792,1758,745,2772,200,10,10
965,2902,3187,1007,2042,1468,86,10,10
966,2904,1576,2666,2102,2172,123,10,10
967,2907,3508,3585,722,2887,139,10,10
968,2908,3380,494,833,1217,125,10,10
969,2909,2236,1527,1145,2529,200,10,10
970,2911,1886,1410,280,3318,185,10,10
971,2912,2337,2442,3098,522,156,10,10
972,2916,1683,1916,895,994,158,10,10
973,2919,2506,3377,1287,2484,68,10,10
974,2922,3561,938,271,2807,86,10,10
975,2924,2791,3480,2451,274,175,10,10
976,2929,2023,107,2660,415,97,10,10
977,2932,3153,3336,1153,1240,162,10,10
978,2933,3184,1328,2302,1682,170,10,10
979,2937,3013,3540,2420,1167,112,10,10
980,2939,94,3516,1933,3120,190,10,10
981,2944,3090,304,1085,358,160,10,10
982,2947,3243,2020,2697,582,212,10,10
983,2949,2599,3522,995,3449,116,10,10
984,2954,2239,542,2695,3059,125,10,10
985,2958,3599,58,2832,1020,220,10,10
986,2959,3489,3571,3372,2130,154,10,10
987,2964,1173,587,522,3341,222,10,10
988,2965,1529,2769,2526,169,123,10,10
989,2970,1813,704,622,1311,110,10,10
990,2971,93,769,1755,507,199,10,10
991,2975,696,387,1378,1865,144,10,10
992,2978,2270,2762,3409,3425,238,10,10
993,2982,970,2984,1380,3284,167,10,10
994,2987,135,792,1848,2440,96,10,10
995,2988,2329,118,1599,841,172,10,10
996,2991,221,3279,765,1562,75,10,10
997,2993,36,3300,3498,1435,227,10,10
998,2995,1416,2802,3107,2687,100,10,10
999,2997,1531,584,2865,1987,229,10,10
1000,2999,3405,1044,1153,2837,131,10,10
1001,3003,2797,555,1879,2800,125,10,10
1002,3005,2642,2563,2262,1462,236,10,10
1003,3010,1877,3214,2941,1085,230,10,10
1004,3015,1866,2936,2805,922,104,10,10
1005,3016,2175,3174,982,1270,199,10,10
1006,3019,3290,3287,634,867,170,10,10
1007,3020,1968,662,1026,1419,198,10,10
1008,3023,1010,1298,3571,2979,72,10,10
1009,3027,990,908,1409,2424,131,10,10
1010,3030,1391,1030,3306,1029,93,10,10
1011,3034,3265,813,1704,187,159,10,10
1012,3036,3072,3572,1682,1038,93,10,10
1013,3037,1147,3047,2136,2848,80,10,10
1014,3041,1303,1253,825,1482,60,10,10
1015,3045,576,3156,3528,1313,103,10,10
1016,3047,2622,1369,2080,282,185,10,10
1017,3051,2107,398,2303,1361,79,10,10
1018,3052,3025,2253,2716,2922,200,10,10
1019,3054,376,1313,2712,945,127,10,10
1020,3055,2572,2582,2917,3493,122,10,10
1021,3059,2534,604,2685,841,148,10,10
1022,3064,2025,236,2582,1835,95,10,10
1023,3065,3353,2702,2502,2651,62,10,10
1024,3066,944,1152,3183,100,237,10,10
1025,3069,337,2175,1989,3552,234,10,10
1026,3071,2185,2780,1860,1118,150,10,10
1027,3075,1220,2497,954,101,64,10,10
1028,3077,2526,3475,2064,687,141,10,10
1029,3079,1522,929,781,2286,60,10,10
1030,3081,751,2664,3381,160,98,10,10
1031,3083,18,2033,2257,3096,72,10,10
1032,3086,3246,946,1953,1258,232,10,10
1033,3088,528,2034,1473,1651,79,10,10
1034,3090,3143,832,187,1860,216,10,10
1035,3092,45,1473,1384,2366,205,10,10
1036,3095,2424,1190,1958,1761,147,10,10
1037,3097,1828,2024,2549,2517,195,10,10
1038,3101,3292,1416,3369,2895,103,10,10
1039,3103,2291,3096,361,3016,136,10,10
1040,3107,3063,3126,655,2674,83,10,10
1041,3108,2485,1865,37,275,234,10,10
1042,3110,377,2081,2613,646,97,10,10
1043,3114,54,1574,2976,677,85,10,10
1044,3115,3537,2949,917,2134,116,10,10
1045,3117,2829,1434,1901,975,144,10,10
1046,3119,268,3436,1823,1217,100,10,10
1047,3124,207,2356,3199,2753,226,10,10
1048,3127,2841,184,947,1198,177,10,10
1049,3129,524,1888,1612,2692,226,10,10
1050,3131,2276,1960,2574,2607,220,10,10
1051,3135,1110,2104,1794,3284,162,10,10
1052,3140,501,411,3350,2628,64,10,10
1053,3141,375,1101,1837,2342,134,10,10
1054,3144,422,1605,2222,2324,129,10,10
1055,3149,2316,3531,1533,1677,100,10,10
1056,3153,2062,1704,551,3062,194,10,10
1057,3155,863,3287,1504,3528,201,10,10
1058,3159,255,1955,2184,1589,233,10,10
1059,3161,1375,3400,335,1134,206,10,10
1060,3162,2240,606,1496,979,160,10,10
1061,3163,1034,793,3078,3309,104,10,10
1062,3165,2907,2682,1338,65,201,10,10
1063,3169,3481,1500,1685,1405,72,10,10
1064,3171,3486,1123,881,3194,134,10,10
1065,3176,3539,361,450,3084,98,10,10
1066,3178,140,319,1468,3449,125,10,10
1067,3183,3579,3289,2580,3026,158,10,10
1068,3184,2595,843,3481,2491,184,10,10
1069,3188,2730,920,359,2724,160,10,10
1070,3192,2841,1381,2756,1185,75,10,10
1071,3197,2572,3583,2622,413,97,10,10
1072,3201,608,2187,1855,2486,239,10,10
1073,3205,394,372,90,752,182,10,10
1074,3206,2997,396,2804,418,94,10,10
1075,3208,768,1352,1937,1289,135,10,10
1076,3209,2060,2936,1632,2077,133,10,10
1077,3210,174,1636,838,1400,191,10,10
1078,3215,2052,686,2836,2007,125,10,10
1079,3219,2126,103,906,2407,233,10,10
1080,3223,2040,788,3536,1625,166,10,10
1081,3226,3290,2170,3400,3052,82,10,10
1082,3227,562,3474,1561,3286,173,10,10
1083,3230,2041,505,986,2033,122,10,10
1084,3232,1704,88,2946,918,66,10,10
1085,3233,841,2283,2227,570,212,10,10
1086,3235,1067,982,3442,289,125,10,10
1087,3237,2578,353,1527,1459,171,10,10
1088,3242,1455,1427,2715,2865,149,10,10
1089,3244,3523,3507,649,1655,133,10,10
1090,3247,2786,2340,433,2462,83,10,10
1091,3251,16,2064,2380,2985,163,10,10
1092,3255,795,3484,2233,1355,171,10,10
1093,3258,1482,273,2633,1966,236,10,10
1094,3259,203,3036,3102,394,72,10,10
1095,3262,3528,1010,853,81,235,10,10
1096,3267,973,3015,1752,2774,61,10,10
1097,3272,64,2147,1523,1815,222,10,10
1098,3276,1141,1226,3551,677,79,10,10
1099,3281,1764,3235,742,3054,76,10,10
1100,3286,1073,3409,2707,980,87,10,10
1101,3290,2407,3269,3568,425,149,10,10
1102,3291,1985,2545,405,568,201,10,10
1103,3293,129,3349,366,167,201,10,10
1104,3298,2440,2053,505,3187,101,10,10
1105,3299,2164,159,1640,2047,69,10,10
1106,3302,1878,2016,362,1140,228,10,10
1107,3305,250,1773,905,3580,158,10,10
1108,3309,2795,1896,3364,403,123,10,10
1109,3313,547,1443,3450,2848,193,10,10
1110,3315,447,1711,85,1432,232,10,10
1111,3317,2369,1566,2911,766,76,10,10
1112,3322,1801,3178,2819,807,150,10,10
1113,3324,248,683,1641,2091,181,10,10
1114,3329,2771,2791,3411,2157,170,10,10
1115,3330,353,1190,2111,2779,202,10,10
1116,3334,732,1398,3119,365,109,10,10
1117,3338,1776,2734,902,89,230,10,10
1118,3339,2156,3596,591,560,95,10,10
1119,3340,729,1836,1513,777,68,10,10
1120,3341,1348,148,747,1897,131,10,10
1121,3343,660,63,3572,2078,216,10,10
1122,3345,1185,1521,527,1894,158,10,10
1123,3346,3012,566,268,3132,206,10,10
1124,3348,318,308,3175,1361,157,10,10
1125,3349,1409,677,1038,1873,154,10,10
1126,3350,2707,2243,311,789,216,10,10
1127,3354,981,954,1509,964,131,10,10
1128,3357,3144,702,3379,3500,184,10,10
1129,3359,1230,3304,1894,2782,70,10,10
1130,3364,2539,1469,782,2787,82,10,10
1131,3366,2601,3150,146,2931,148,10,10
1132,3369,779,1357,964,960,179,10,10
1133,3371,1481,2177,1249,1072,119,10,10
1134,3376,1894,1247,242,598,69,10,10
1135,3378,1717,3038,2749,1294,229,10,10
1136,3379,3585,2537,1005,462,179,10,10
1137,3380,164,3400,627,3056,198,10,10
1138,3381,3348,1546,2476,1279,61,10,10
1139,3385,3204,2569,2774,1325,134,10,10
1140,3389,1992,2225,2968,1773,137,10,10
1141,3394,2355,3408,2793,566,138,10,10
1142,3396,2541,789,2752,961,62,10,10
1143,3400,3402,2780,634,1369,64,10,10
1144,3403,2978,3572,742,2596,109,10,10
1145,3406,3278,1004,2024,370,196,10,10
1146,3411,3105,259,3034,979,148,10,10
1147,3414,2638,1988,3551,1386,170,10,10
1148,3416,34,1728,1048,1931,135,10,10
1149,3421,1287,3226,2281,875,161,10,10
1150,3423,2963,2418,2729,509,153,10,10
1151,3427,166,3502,2080,3089,100,10,10
1152,3429,53,3350,986,3292,235,10,10
1153,3434,2068,1296,3104,20,152,10,10
1154,3436,1047,16,2170,1997,153,10,10
1155,3439,1549,1881,3473,1221,149,10,10
1156,3442,602,826,1221,3278,145,10,10
1157,3447,637,211,3044,877,212,10,10
1158,3450,1811,386,443,796,71,10,10
1159,3455,2507,1156,793,429,90,10,10
1160,3457,1053,1970,2342,1639,239,10,10
1161,3462,1504,855,1016,1827,155,10,10
1162,3466,68,710,1902,2967,192,10,10
1163,3467,2246,3189,3464,1420,133,10,10
1164,3468,1004,2237,504,1777,121,10,10
1165,3473,1348,2966,1307,2440,215,10,10
1166,3475,2295,1262,965,3050,232,10,10
1167,3477,2228,1959,2489,3005,158,10,10
1168,3480,2287,2448,1122,1119,239,10,10
1169,3484,3249,598,3004,1318,101,10,10
1170,3487,500,1249,1685,130,118,10,10
1171,3488,2608,2174,1632,96,109,10,10
1172,3489,589,1638,2936,2389,109,10,10
1173,3491,2332,2916,1114,908,197,10,10
1174,3493,110,3583,5,1478,148,10,10
1175,3496,3380,1423,2128,408,198,10,10
1176,3501,3456,2482,2859,1038,189,10,10
1177,3503,3015,3222,1053,2750,176,10,10
1178,3508,1575,1291,2284,2409,123,10,10
1179,3511,798,1045,1358,2617,210,10,10
1180,3516,1037,3367,1288,2556,85,10,10
1181,3518,1847,574,1787,1791,134,10,10
1182,3523,543,2499,1386,3159,86,10,10
1183,3526,937,24,3043,2058,90,10,10
1184,3529,2580,1261,2555,1728,73,10,10
1185,3532,2275,795,3309,3164,147,10,10
1186,3533,1080,1045,2523,204,63,10,10
1187,3535,1775,2586,2449,1933,79,10,10
1188,3536,1851,276,2907,621,217,10,10
1189,3539,1891,2792,572,3278,181,10,10
1190,3542,369,609,1939,2278,201,10,10
1191,3545,1418,2345,3213,636,229,10,10
1192,3548,57,1402,3008,604,107,10,10
1193,3552,2973,2202,966,3365,72,10,10
1194,3555,2279,2515,3570,2090,188,10,10
1195,3559,2701,2745,555,679,180,10,10
1196,3561,1535,3474,3379,1109,228,10,10
1197,3565,937,2319,2860,399,158,10,10
1198,3566,2925,1041,2980,1184,95,10,10
1199,3571,2701,565,2853,1151,180,10,10
1200,3576,1152,2129,1686,2562,77,10,10
1201,3579,150,3568,712,2745,114,10,10
1202,3581,646,393,1372,3,205,10,10
1203,3584,2532,2385,256,293,122,10,10
1204,3587,2361,2764,417,1615,232,10,10
1205,3591,1319,2792,795,2987,88,10,10
1206,3594,720,2024,1467,904,235,10,10
1207,3598,2422,675,3072,2955,194,10,10
1208,3601,864,2750,3505,584,112,10,10
1209,3604,639,1192,2042,2243,150,10,10
1210,3605,2909,1846,1840,1958,185,10,10
1211,3609,1082,2631,2304,513,153,10,10
1212,3614,2053,3370,1136,1568,198,10,10
1213,3615,1559,2908,497,2200,204,10,10
1214,3620,250,961,1706,2384,178,10,10
1215,3623,745,234,1289,2211,163,10,10
1216,3628,1115,949,2603,476,160,10,10
1217,3633,1460,1789,788,5,168,10,10
1218,3638,3458,2865,950,2759,120,10,10
1219,3642,664,2531,2465,3139,120,10,10
1220,3647,390,3021,847,1619,240,10,10
1221,3649,800,199,3083,26,178,10,10
1222,3652,1733,2317,2568,1619,131,10,10
1223,3653,2999,2091,397,2543,73,10,10
1224,3654,3200,2243,526,1847,135,10,10
1225,3655,226,1109,2457,562,127,10,10
1226,3659,98,680,1403,2756,108,10,10
1227,3661,1125,551,71,3428,174,10,10
1228,3666,3477,2184,2165,126,64,10,10
1229,3669,975,270,1915,998,84,10,10
1230,3672,425,1654,1116,1432,144,10,10
1231,3673,797,2311,2528,2747,144,10,10
1232,3676,3574,2545,285,2986,102,10,10
1233,3678,2706,1341,2329,1121,69,10,10
1234,3682,61,409,1217,3056,68,10,10
1235,3684,2803,3049,1273,2843,125,10,10
1236,3686,410,674,590,3088,203,10,10
1237,3687,2346,1303,3125,2675,171,10,10
1238,3691,3098,1894,2773,1240,162,10,10
1239,3692,1056,1761,26,483,141,10,10
1240,3693,1234,506,2705,860,129,10,10
1241,3695,3320,3463,21,3205,236,10,10
1242,3696,2063,3517,1238,46,183,10,10
1243,3697,1648,2364,921,2946,188,10,10
1244,3700,3292,2445,1532,1211,63,10,10
1245,3705,1724,923,2737,2441,240,10,10
1246,3707,2401,3129,840,2536,197,10,10
1247,3708,1798,97,2769,2870,63,10,10
1248,3712,422,1334,1898,3477,209,10,10
1249,3716,1759,3073,957,2651,107,10,10
1250,3717,3086,2445,771,2284,209,10,10
1251,3721,1471,2105,1885,417,208,10,10
1252,3724,1624,2754,285,3180,239,10,10
1253,3726,2723,2146,916,689,236,10,10
1254,3731,2689,1059,1087,783,205,10,10
1255,3734,327,2517,3024,2961,60,10,10
1256,3735,221,436,2523,1182,224,10,10
1257,3739,3137,2108,342,1131,134,10,10
1258,3740,3219,907,3292,612,211,10,10
1259,3743,1358,595,2928,1453,233,10,10
1260,3746,1054,1873,56,475,180,10,10
1261,3749,60,2096,2984,1275,137,10,10
1262,3753,2812,2450,237,2371,179,10,10
1263,3755,1846,2615,1441,782,114,10,10
1264,3760,3001,1296,797,896,232,10,10
1265,3763,1496,1125,486,1983,97,10,10
1266,3767,394,159,457,3585,182,10,10
1267,3772,3089,981,2175,413,60,10,10
1268,3773,2810,2830,680,3230,140,10,10
1269,3778,2120,2747,1857,950,160,10,10
1270,3782,1341,3546,1855,3025,140,10,10
1271,3786,3410,306,2376,1665,184,10,10
1272,3788,2072,1800,1840,942,175,10,10
1273,3793,265,2858,2180,1120,113,10,10
1274,3795,1394,465,3436,1131,133,10,10
1275,3800,2718,912,3556,2132,159,10,10
1276,3805,887,1148,403,430,62,10,10
1277,3807,669,1981,2822,1824,85,10,10
1278,3811,2469,2423,1936,1773,123,10,10
1279,3814,824,2727,1546,2518,236,10,10
1280,3819,845,2563,3591,1526,239,10,10
1281,3824,1111,159,2033,3500,140,10,10
1282,3827,1523,1743,3413,3362,121,10,10
1283,3830,1106,2211,266,2892,173,10,10
1284,3833,2902,797,2533,3102,102,10,10
1285,3834,3435,751,2293,534,81,10,10
1286,3835,2383,2855,3109,3041,142,10,10
1287,3838,648,22,3179,1266,227,10,10
1288,3841,1311,2127,1682,1189,175,10,10
1289,3843,3414,429,989,1669,71,10,10
1290,3846,710,2173,3124,2935,232,10,10
1291,3847,530,2314,1890,3180,101,10,10
1292,3852,284,946,1217,1316,75,10,10
1293,3856,1248,3385,1420,1917,100,10,10
1294,3860,2363,2137,1704,79,213,10,10
1295,3862,796,1488,1581,3138,110,10,10
1296,3865,2673,3249,1314,2298,220,10,10
1297,3866,804,2020,950,1269,178,10,10
1298,3867,42,847,203,3442,108,10,10
1299,3870,3292,2059,2057,516,205,10,10
1300,3873,496,2739,779,1187,215,10,10
1301,3875,395,3502,3206,2209,155,10,10
1302,3877,101,2617,927,330,66,10,10
1303,3878,539,1667,1063,1584,217,10,10
1304,3881,2858,3062,3143,2896,230,10,10
1305,3886,995,1053,748,1121,203,10,10
1306,3891,486,3138,2280,272,135,10,10
1307,3894,2118,192,3542,2418,215,10,10
1308,3898,842,87,1576,3463,176,10,10
1309,3899,2092,23,2917,2161,62,10,10
1310,3903,2212,431,710,2842,175,10,10
1311,3904,3151,2958,403,3577,216,10,10
1312,3905,1961,3181,890,3486,130,10,10
1313,3910,1834,3325,456,966,126,10,10
1314,3914,1390,1723,756,2805,100,10,10
1315,3918,1091,126,439,814,240,10,10
1316,3919,2646,1579,510,423,64,10,10
1317,3922,3155,3352,925,1031,133,10,10
1318,3927,1077,3447,265,255,149,10,10
1319,3929,2264,63,162,2240,167,10,10
1320,3934,2189,2372,573,3578,66,10,10
1321,3938,33,1471,1371,334,123,10,10
1322,3943,211,772,2052,1635,90,10,10
1323,3946,123,2718,2735,1590,197,10,10
1324,3951,2286,2165,820,3064,101,10,10
1325,3956,2554,1926,3199,1442,151,10,10
1326,3959,525,2744,1558,3050,151,10,10
1327,3960,2345,1054,2598,93,187,10,10
1328,3961,2943,3375,2732,99,229,10,10
1329,3965,1491,1675,789,2845,113,10,10
1330,3966,3202,2871,112,1124,111,10,10
1331,3969,3321,444,2993,2917,114,10,10
1332,3970,3088,1276,448,2948,75,10,10
1333,3971,1576,1921,1515,176,135,10,10
1334,3975,3498,625,2296,3397,234,10,10
1335,3980,771,568,2403,3157,78,10,10
1336,3981,1925,1304,2919,703,216,10,10
1337,3982,1950,2119,849,975,91,10,10
1338,3983,1524,3000,114,182,147,10,10
1339,3988,2432,1568,3021,242,152,10,10
1340,3992,1132,1037,83,39,134,10,10
1341,3994,2127,561,2745,3296,214,10,10
1342,3995,551,953,371,3130,131,10,10
1343,3997,713,1724,1410,1682,155,10,10
1344,3999,2611,2135,1519,2432,71,10,10
1345,4002,1095,1172,157,3590,209,10,10
1346,4003,3087,1222,260,3262,92,10,10
1347,4005,206,1015,3206,564,189,10,10
1348,4008,2092,1512,2562,2234,120,10,10
1349,4009,38,464,2500,2465,206,10,10
1350,4010,2647,1349,1185,275,160,10,10
1351,4012,403,1242,660,2030,101,10,10
1352,4015,2985,2496,640,482,101,10,10
1353,4016,3422,3100,2474,3084,93,10,10
1354,4020,3113,3316,1168,807,220,10,10
1355,4022,939,815,1069,2516,172,10,10
1356,4025,117,2441,1880,3531,73,10,10
1357,4026,539,569,859,1727,102,10,10
1358,4030,3507,241,925,2154,75,10,10
1359,4033,2620,3285,2852,2614,153,10,10
1360,4036,587,2918,2033,3315,89,10,10
1361,4039,1090,3301,2961,2989,174,10,10
1362,4040,2513,3556,2996,886,107,10,10
1363,4045,1957,3427,997,2159,121,10,10
1364,4047,974,1504,1815,82,83,10,10
1365,4049,687,487,431,2905,197,10,10
1366,4050,1221,772,1477,1537,213,10,10
1367,4051,3177,1857,605,1244,215,10,10
1368,4054,3232,3377,56,3338,118,10,10
1369,4059,3284,1556,2944,2465,161,10,10
1370,4062,3224,40,2633,1435,219,10,10
1371,4067,1278,3437,2238,338,68,10,10
1372,4071,2753,3336,1732,3472,187,10,10
1373,4075,3489,1238,1178,2701,225,10,10
1374,4079,2082,2151,3092,435,184,10,10
1375,4083,2077,1232,2067,541,102,10,10
1376,4086,1286,2026,1746,1546,81,10,10
1377,4088,1894,1307,3434,97,216,10,10
1378,4092,778,2545,3423,2583,229,10,10
1379,4095,2471,1996,2296,1184,166,10,10
1380,4098,697,1166,429,2174,83,10,10
1381,4103,2362,2531,1799,1889,108,10,10
1382,4105,1225,2077,1776,1482,194,10,10
1383,4107,2047,89,1678,3126,114,10,10
1384,4112,2389,2681,1352,2461,116,10,10
1385,4114,39,3149,441,2083,214,10,10
1386,4119,1271,1793,2874,2083,237,10,10
1387,4123,953,3485,2705,385,135,10,10
1388,4128,3373,557,170,3271,120,10,10
1389,4129,3284,1167,1769,108,72,10,10
1390,4134,2647,423,1071,848,87,10,10
1391,4138,874,2821,2004,1092,173,10,10
1392,4141,3526,2585,2304,1626,136,10,10
1393,4145,587,3557,995,1028,202,10,10
1394,4149,3238,1638,2401,2898,186,10,10
1395,4152,18,3555,399,1523,225,10,10
1396,4153,803,1351,2874,2231,211,10,10
1397,4154,2698,1960,1068,1334,87,10,10
1398,4157,18,303,3215,1286,129,10,10
1399,4158,1791,2854,2116,136,89,10,10
1400,4162,1263,1054,1582,2755,150,10,10
1401,4164,1398,2697,2270,1662,68,10,10
1402,4167,1591,1644,1785,3466,101,10,10
1403,4168,2156,2840,543,3298,158,10,10
1404,4170,2870,1072,238,2490,136,10,10
1405,4171,665,650,1853,1206,193,10,10
1406,4175,18,1617,1476,2881,212,10,10
1407,4177,2967,1624,3386,2376,149,10,10
1408,4178,1914,2171,1416,2599,131,10,10
1409,4179,1894,3152,2154,1131,193,10,10
1410,4181,1439,2871,2756,2642,71,10,10
1411,4186,2863,1779,3593,1163,179,10,10
1412,4189,2009,1051,529,482,130,10,10
1413,4193,2135,2888,161,2106,220,10,10
1414,4197,425,3277,2624,1924,63,10,10
1415,4201,2961,758,3414,943,95,10,10
1416,4202,966,3484,289,2452,237,10,10
1417,4206,2460,2662,494,1288,218,10,10
1418,4209,3123,60,101,2551,142,10,10
1419,4212,2574,3035,2229,899,196,10,10
1420,4213,2490,591,2661,2135,174,10,10
1421,4216,3427,370,3330,160,97,10,10
1422,4221,1121,1413,2200,2493,133,10,10
1423,4225,3121,240,1952,1769,116,10,10
1424,4229,525,1171,852,942,124,10,10
1425,4230,1223,678,1651,699,106,10,10
1426,4234,944,3144,1935,33,233,10,10
1427,4237,3124,1733,964,2018,196,10,10
1428,4242,3208,1759,3417,2687,155,10,10
1429,4245,2579,1014,1756,1910,154,10,10
1430,4249,3049,3386,900,2993,198,10,10
1431,4252,1889,2049,673,1314,118,10,10
1432,4257,1112,813,1083,3098,115,10,10
1433,4259,209,835,1663,680,171,10,10
1434,4261,1742,2862,887,2335,96,10,10
1435,4262,854,1365,3281,1265,86,10,10
1436,4266,1430,1360,1874,3161,181,10,10
1437,4269,1243,3240,426,3481,101,10,10
1438,4273,655,2944,239,498,133,10,10
1439,4276,1452,2915,818,2147,228,10,10
1440,4279,3568,2811,707,2658,127,10,10
1441,4284,2405,3599,3172,2330,96,10,10
1442,4287,649,476,1532,772,62,10,10
1443,4292,661,895,1559,1769,206,10,10
1444,4294,1758,2369,2401,999,179,10,10
1445,4298,1577,1566,1176,1175,220,10,10
1446,4300,3010,1601,2490,3585,103,10,10
1447,4304,274,1351,911,1773,210,10,10
1448,4308,2069,2104,1501,1502,193,10,10
1449,4312,625,2002,1875,2428,105,10,10
1450,4314,2717,54,2167,2989,187,10,10
1451,4315,852,1204,3428,1055,181,10,10
1452,4318,1281,745,534,2390,156,10,10
1453,4321,1267,2249,729,2615,140,10,10
1454,4325,1217,1520,2878,3339,63,10,10
1455,4327,2324,2229,179,2651,83,10,10
1456,4329,1207,3026,1384,610,109,10,10
1457,4331,2226,1223,1402,779,66,10,10
1458,4332,2277,3314,2620,3443,212,10,10
1459,4337,6,189,1982,3008,144,10,10
1460,4341,3204,3053,2755,2393,215,10,10
1461,4342,2375,2326,2303,2974,93,10,10
1462,4345,282,1529,3021,3336,145,10,10
1463,4348,449,2668,3098,310,172,10,10
1464,4353,657,482,1515,3491,158,10,10
1465,4357,2951,3467,1988,2769,205,10,10
1466,4362,2129,2471,3068,2961,221,10,10
1467,4366,2845,1999,3276,3045,130,10,10
1468,4369,2414,2700,525,2237,132,10,10
1469,4371,749,1178,2099,1727,190,10,10
1470,4372,1766,2197,1698,1122,237,10,10
1471,4376,3185,1978,3581,1033,203,10,10
1472,4379,1936,1705,2473,615,190,10,10
1473,4383,1775,1759,682,783,80,10,10
1474,4385,223,607,1770,1512,166,10,10
1475,4387,2736,77,2433,367,228,10,10
1476,4392,1600,2729,1593,1262,67,10,10
1477,4394,2013,1215,2475,1575,238,10,10
1478,4396,22,3573,31,1627,95,10,10
1479,4397,1227,1212,240,1391,159,10,10
1480,4398,2900,1537,3497,2782,213,10,10
1481,4400,665,2833,2113,2000,111,10,10
1482,4401,1766,2240,2210,3069,206,10,10
1483,4406,3132,1431,387,2740,79,10,10
1484,4408,668,1823,702,3037,154,10,10
1485,4411,3263,3337,2664,1132,210,10,10
1486,4415,754,518,344,223,216,10,10
1487,4416,310,1881,2006,1609,178,10,10
1488,4421,2526,682,2649,959,91,10,10
1489,4424,3119,3501,2701,1678,169,10,10
1490,4429,1435,58,1581,1881,117,10,10
1491,4432,1428,1451,1833,509,123,10,10
1492,4435,2217,471,1561,36,144,10,10
1493,4436,388,1984,2475,1926,60,10,10
1494,4439,396,1676,3067,3256,156,10,10
1495,4444,2387,1443,2716,2434,232,10,10
1496,4445,1934,2588,2571,2524,228,10,10
1497,4450,406,1077,2576,1582,146,10,10
1498,4453,3183,3154,3356,258,181,10,10
1499,4456,599,517,2498,2771,192,10,10
1500,4459,2578,3399,1698,2335,227,10,10
1501,4464,2648,2334,1084,1317,214,10,10
1502,4469,695,3140,2124,1332,161,10,10
1503,4471,2215,2236,1761,2861,196,10,10
1504,4474,3013,2158,2838,542,69,10,10
1505,4478,3406,2635,45,2455,169,10,10
1506,4481,1665,643,406,1022,135,10,10
1507,4482,2876,385,3191,1353,240,10,10
1508,4485,2017,2993,1887,3051,116,10,10
1509,4488,2291,2920,3295,1171,75,10,10
1510,4493,766,3183,2945,1371,161,10,10
1511,4496,2144,2475,2209,545,148,10,10
1512,4498,2001,2581,3400,909,189,10,10
1513,4500,2684,978,46,2148,165,10,10
1514,4502,3328,3434,1712,3180,169,10,10
1515,4506,147,895,462,2280,237,10,10
1516,4511,1288,2576,1653,50,92,10,10
1517,4512,2296,2620,1235,591,106,10,10
1518,4515,2073,2496,1369,822,68,10,10
1519,4517,883,2094,3089,2308,121,10,10
1520,4522,3249,349,3404,2546,95,10,10
1521,4524,1911,2664,2756,819,106,10,10
1522,4528,1338,374,2823,1730,81,10,10
1523,4532,1783,515,3138,1135,150,10,10
1524,4533,1777,2517,3581,3446,62,10,10
1525,4535,312,917,342,549,208,10,10
1526,4537,3317,1159,1542,816,160,10,10
1527,4540,1636,2827,154,2331,212,10,10
1528,4545,2482,3512,1919,2917,74,10,10
1529,4549,1915,2683,1184,3400,184,10,10
1530,4552,1552,1313,828,1245,224,10,10
1531,4553,1527,679,2249,2758,227,10,10
1532,4555,875,1535,2365,3322,202,10,10
1533,4559,1425,1407,2673,1111,94,10,10
1534,4561,333,888,1613,2846,167,10,10
1535,4562,2040,2991,3532,1315,171,10,10
1536,4563,3562,1660,877,1014,88,10,10
1537,4568,1442,1160,1823,1110,196,10,10
1538,4571,3008,3347,2941,2747,181,10,10
1539,4576,2202,1642,1903,308,180,10,10
1540,4578,1076,791,2638,950,119,10,10
1541,4579,3349,299,2861,204,138,10,10
1542,4580,937,598,2004,1272,234,10,10
1543,4585,1302,253,1356,3581,86,10,10
1544,4590,1726,187,2335,1103,88,10,10
1545,4591,3140,832,1789,101,165,10,10
1546,4596,901,2983,2367,1997,76,10,10
1547,4600,2133,1890,754,2845,106,10,10
1548,4602,972,1363,754,3509,177,10,10
1549,4604,361,2448,3032,1402,171,10,10
1550,4609,2960,1647,3458,233,88,10,10
1551,4612,2695,2150,3570,1890,230,10,10
1552,4615,2644,2381,2563,3299,214,10,10
1553,4619,2661,165,3479,3039,204,10,10
1554,4621,1633,1491,1611,1302,140,10,10
1555,4624,1529,639,1349,2656,112,10,10
1556,4628,2129,2309,3144,3455,190,10,10
1557,4632,3233,2488,3564,2861,217,10,10
1558,4635,3553,3029,133,449,126,10,10
1559,4640,1086,2791,1219,575,109,10,10
1560,4642,2145,1302,2040,24,142,10,10
1561,4643,3028,1619,3409,2827,71,10,10
1562,4646,1458,624,1381,162,240,10,10
1563,4650,2910,2157,1774,3226,95,10,10
1564,4655,1197,865,2121,538,138,10,10
1565,4658,1762,1,327,2257,145,10,10
1566,4660,3427,741,3100,2334,207,10,10
1567,4665,1221,3372,3443,3414,75,10,10
1568,4670,1230,2819,146,2588,99,10,10
1569,4675,752,2469,2236,3219,123,10,10
1570,4678,3294,1902,740,1318,130,10,10
1571,4681,1584,852,2601,1888,129,10,10
1572,4686,3165,962,1714,1209,138,10,10
1573,4691,2534,2996,1863,1392,122,10,10
1574,4693,3183,1552,2748,895,61,10,10
1575,4697,235,1259,2222,1248,203,10,10
1576,4702,3211,2883,3449,2492,104,10,10
1577,4706,3359,2892,2768,1875,211,10,10
1578,4711,344,479,2713,3476,210,10,10
1579,4713,2386,2228,1855,1573,82,10,10
1580,4718,1281,73,3270,1489,146,10,10
1581,4722,2157,1304,333,3314,204,10,10
1582,4723,1172,784,811,1832,69,10,10
1583,4724,3516,281,512,2242,143,10,10
1584,4726,327,1525,290,1950,161,10,10
1585,4727,3415,3039,1157,215,191,10,10
1586,4731,1470,1122,22,3212,61,10,10
1587,4734,3011,978,3585,1015,160,10,10
1588,4737,1775,62,3565,2491,68,10,10
1589,4738,2385,3355,3324,2812,188,10,10
1590,4743,2393,2827,2199,629,93,10,10
1591,4745,765,732,949,2682,227,10,10
1592,4747,311,2962,24,1074,76,10,10
1593,4750,796,625,1762,2398,138,10,10
1594,4754,1013,225,1106,78,66,10,10
1595,4755,1638,1538,81,3532,118,10,10
1596,4757,1860,1883,2272,1601,233,10,10
1597,4758,3306,3050,701,1833,198,10,10
1598,4760,3229,973,3433,3104,181,10,10
1599,4762,726,2040,3119,218,162,10,10
1600,4763,3140,2774,949,3562,215,10,10
1601,4764,729,2315,1583,3181,90,10,10
1602,4765,227,2293,2329,3323,92,10,10
1603,4768,3237,3054,1497,333,214,10,10
1604,4771,2009,3474,2509,396,223,10,10
1605,4773,1716,866,827,1097,95,10,10
1606,4774,2324,2416,1009,1688,92,10,10
1607,4778,2391,189,630,1994,148,10,10
1608,4782,2711,930,2868,917,108,10,10
1609,4784,1441,2649,2835,1278,183,10,10
1610,4789,3228,3250,64,1582,131,10,10
1611,4791,663,2504,3331,2275,77,10,10
1612,4793,3088,3563,221,2578,125,10,10
1613,4795,2330,3064,2814,2559,159,10,10
1614,4799,3188,727,2075,483,135,10,10
1615,4801,1281,1374,100,248,155,10,10
1616,4802,3401,889,551,2300,77,10,10
1617,4807,239,709,2842,866,228,10,10
1618,4812,2356,656,1684,1849,207,10,10
1619,4814,415,3366,973,1226,97,10,10
1620,4818,3499,2121,176,255,78,10,10
1621,4820,165,2639,1874,566,217,10,10
1622,4822,3460,1566,3212,2932,173,10,10
1623,4825,2120,1711,1556,3100,209,10,10
1624,4828,2963,2873,1884,3080,63,10,10
1625,4833,517,2505,1321,691,132,10,10
1626,4835,2699,3287,2627,2602,62,10,10
1627,4840,2505,865,2023,2179,131,10,10
1628,4841,1423,1502,3511,496,188,10,10
1629,4843,2735,972,2805,244,79,10,10
1630,4845,312,571,844,2096,198,10,10
1631,4850,3030,39,419,3433,145,10,10
1632,4852,805,2866,2853,2824,230,10,10
1633,4854,1936,1189,2076,1034,86,10,10
1634,4855,2586,1801,3433,1374,133,10,10
1635,4858,1877,318,1970,1009,183,10,10
1636,4862,1317,2507,304,1239,156,10,10
1637,4865,52,692,3022,1260,210,10,10
1638,4866,520,1245,3318,582,180,10,10
1639,4868,1102,2009,1212,765,97,10,10
1640,4871,161,2885,2381,537,102,10,10
1641,4875,3497,3021,3502,166,118,10,10
1642,4879,1897,1247,3578,2002,123,10,10
1643,4882,3564,113,1249,2897,74,10,10
1644,4883,1745,2721,289,3540,184,10,10
1645,4884,3217,1157,2659,1341,158,10,10
1646,4885,684,1809,443,435,121,10,10
1647,4890,613,912,3364,1605,181,10,10
1648,4891,726,2218,3421,334,137,10,10
1649,4892,2421,299,324,2467,153,10,10
1650,4893,247,382,236,602,215,10,10
1651,4897,1078,394,1487,1279,118,10,10
1652,4898,3356,1974,578,2363,209,10,10
1653,4899,507,1424,1550,2406,139,10,10
1654,4900,3484,2562,2138,361,213,10,10
1655,4905,2038,920,474,2844,69,10,10
1656,4909,3446,2796,1535,559,232,10,10
1657,4913,2911,2103,1777,2518,73,10,10
1658,4916,3309,1866,3467,1576,108,10,10
1659,4917,1793,1401,3254,2616,227,10,10
1660,4922,2216,2710,3177,1579,79,10,10
1661,4926,338,724,3532,471,167,10,10
1662,4927,1443,1873,3512,2620,99,10,10
1663,4931,1090,1369,1455,2022,64,10,10
1664,4933,1802,1771,3083,3029,221,10,10
1665,4938,1559,2562,504,850,230,10,10
1666,4942,1411,652,959,1680,84,10,10
1667,4943,1427,2086,2653,863,151,10,10
1668,4944,859,3105,2538,2779,109,10,10
1669,4948,1726,2716,1025,1478,113,10,10
1670,4953,3530,1130,2117,1011,162,10,10
1671,4955,3510,3406,443,1272,191,10,10
1672,4958,1710,1266,1410,1669,168,10,10
1673,4961,240,2451,3556,2117,131,10,10
1674,4964,2512,1495,2098,1611,113,10,10
1675,4966,2696,3540,991,1260,235,10,10
1676,4969,2640,1423,3571,3023,210,10,10
1677,4974,1173,1009,1818,2556,217,10,10
1678,4979,3069,1373,1290,1516,190,10,10
1679,4981,2,31,2204,1257,114,10,10
1680,4984,1333,2661,3371,2129,220,10,10
1681,4985,3570,3166,1075,2662,203,10,10
1682,4990,3455,3485,90,402,194,10,10
1683,4991,162,1998,2981,353,202,10,10
1684,4995,1894,3011,2490,1687,214,10,10
1685,4996,1080,733,3568,3133,114,10,10
1686,5000,3573,3522,2021,636,70,10,10
1687,5005,1763,280,3081,3190,210,10,10
1688,5008,1206,583,3198,240,169,10,10
1689,5010,916,2806,76,3161,140,10,10
1690,5014,1455,223,1245,1563,102,10,10
1691,5019,3551,1044,2019,1727,161,10,10
1692,5024,2206,2540,104,3398,135,10,10
1693,5029,2894,3135,2307,3014,183,10,10
1694,5034,854,3011,3018,2844,139,10,10
1695,5037,1727,3441,787,259,87,10,10
1696,5042,1886,478,954,3128,77,10,10
1697,5046,1258,744,3549,3534,193,10,10
1698,5047,3028,1476,3525,2909,179,10,10
1699,5050,3215,1756,71,1044,119,10,10
1700,5055,3290,462,916,977,93,10,10
1701,5060,1622,1512,414,340,155,10,10
1702,5061,1514,171,2640,544,202,10,10
1703,5065,1651,911,2904,2357,173,10,10
1704,5067,2093,17,3550,1667,152,10,10
1705,5068,131,417,2609,250,145,10,10
1706,5071,2072,428,1871,658,153,10,10
1707,5076,1848,689,122,1477,184,10,10
1708,5079,278,2616,3020,1371,95,10,10
1709,5083,3225,107,2038,3299,167,10,10
1710,5088,1584,2986,1073,3503,151,10,10
1711,5089,429,1110,1804,1790,76,10,10
1712,5093,486,3133,3450,1307,197,10,10
1713,5094,3545,436,1456,207,175,10,10
1714,5095,903,538,1229,2226,101,10,10
1715,5100,2002,2523,2970,175,77,10,10
1716,5102,691,2051,151,2270,148,10,10
1717,5104,551,2687,1347,3146,157,10,10
1718,5106,1261,2542,842,1982,154,10,10
1719,5111,2482,1329,1042,670,209,10,10
1720,5112,2993,1455,2124,615,231,10,10
1721,5117,2794,80,323,2443,141,10,10
1722,5119,2046,2005,372,2826,97,10,10
1723,5121,2189,1,3308,903,172,10,10
1724,5125,992,993,1120,2816,124,10,10
1725,5127,2295,518,2626,2955,240,10,10
1726,5128,2151,314,159,3394,87,10,10
1727,5130,3565,1648,1401,1305,168,10,10
1728,5132,1989,3112,2800,1294,215,10,10
1729,5136,1398,24,1311,1987,142,10,10
1730,5138,2622,3400,1407,2706,198,10,10
1731,5139,2203,3362,3067,302,236,10,10
1732,5141,111,3405,3011,1731,92,10,10
1733,5144,3463,157,3387,60,102,10,10
1734,5149,2758,1459,1730,1163,131,10,10
1735,5150,1911,112,2824,182,133,10,10
1736,5153,2263,1142,1148,19,135,10,10
1737,5154,1128,3140,870,193,134,10,10
1738,5156,1353,2458,3431,2005,145,10,10
1739,5157,1756,3165,411,766,189,10,10
1740,5162,478,2109,2664,3479,61,10,10
1741,5166,499,3111,2477,325,212,10,10
1742,5168,499,380,583,2142,100,10,10
1743,5170,2665,2925,954,678,153,10,10
1744,5174,447,2179,1719,1822,179,10,10
1745,5175,2786,1511,298,706,233,10,10
1746,5178,1950,3112,947,2726,120,10,10
1747,5182,1400,3073,1327,2115,202,10,10
1748,5184,85,3024,1414,2855,178,10,10
1749,5188,137,3178,3460,1773,166,10,10
1750,5193,3007,2082,1816,1640,80,10,10
1751,5196,1445,2050,1517,2782,63,10,10
1752,5198,1922,1746,848,155,93,10,10
1753,5200,3040,2509,2434,1830,225,10,10
1754,5205,1447,3567,1664,1553,136,10,10
1755,5207,759,296,679,1910,144,10,10
1756,5210,1218,3580,111,618,100,10,10
1757,5215,2025,3550,2445,3069,143,10,10
1758,5220,1979,83,1249,306,100,10,10
1759,5225,1048,1944,3541,41,66,10,10
1760,5227,1931,757,2639,1162,205,10,10
1761,5228,444,1329,998,3409,162,10,10
1762,5232,1721,508,1486,2151,150,10,10
1763,5234,1872,25,3085,3483,177,10,10
1764,5238,327,2104,2700,701,67,10,10
1765,5242,1891,831,1965,321,127,10,10
1766,5243,2002,2597,804,778,103,10,10
1767,5244,1741,763,2973,386,79,10,10
1768,5249,617,3458,1134,1168,165,10,10
1769,5252,3129,3380,891,69,205,10,10
1770,5253,3220,3189,3048,2482,165,10,10
1771,5255,2435,2995,2034,94,155,10,10
1772,5258,1070,1827,93,3407,63,10,10
1773,5261,1752,2876,1129,196,194,10,10
1774,5262,524,1724,887,3153,193,10,10
1775,5263,874,3118,1526,2363,69,10,10
1776,5266,2985,1556,639,909,203,10,10
1777,5269,1526,916,3088,580,106,10,10
1778,5274,2293,3569,1885,3297,158,10,10
1779,5275,2251,2470,2032,3553,82,10,10
1780,5280,1964,1338,3527,1760,205,10,10
1781,5284,2932,2135,1409,1777,154,10,10
1782,5288,1328,1137,1278,2720,158,10,10
1783,5291,1483,121,3244,625,101,10,10
1784,5293,1519,472,2849,2009,212,10,10
1785,5296,1102,3522,2252,90,86,10,10
1786,5301,3298,1081,2107,146,238,10,10
1787,5302,2061,122,2373,3290,72,10,10
1788,5305,2174,1152,1794,2667,107,10,10
1789,5309,3349,46,3349,1769,147,10,10
1790,5310,2339,855,2124,2605,210,10,10
1791,5314,3530,1229,2595,3151,63,10,10
1792,5316,2563,1886,385,2568,97,10,10
1793,5321,1408,1207,1240,1196,165,10,10
1794,5324,481,3298,1106,2229,208,10,10
1795,5325,1982,1647,1025,484,239,10,10
1796,5326,1972,3306,1145,872,137,10,10
1797,5328,1571,3435,1378,3306,127,10,10
1798,5330,464,1740,2787,425,62,10,10
1799,5334,2856,2937,1903,3349,205,10,10
1800,5336,2720,692,1947,796,141,10,10
1801,5337,2259,225,1077,1062,198,10,10
1802,5340,3235,513,1450,824,114,10,10
1803,5343,3201,2511,2834,1523,145,10,10
1804,5345,1148,3401,2892,1518,130,10,10
1805,5348,2154,2600,1019,2412,232,10,10
1806,5351,2517,3269,1526,1152,88,10,10
1807,5355,149,3304,2124,2432,157,10,10
1808,5357,510,1464,2455,763,183,10,10
1809,5361,627,3174,2053,1678,73,10,10
1810,5365,1150,921,161,3033,179,10,10
1811,5367,3144,355,365,1873,108,10,10
1812,5369,3322,1933,3262,3096,190,10,10
1813,5370,3273,157,3163,2334,113,10,10
1814,5371,2894,93,1147,598,61,10,10
1815,5375,1207,1032,2293,1706,81,10,10
1816,5378,3121,3258,2986,1216,196,10,10
1817,5383,899,563,319,2440,154,10,10
1818,5388,3474,107,2523,2982,70,10,10
1819,5390,1227,1140,1093,1476,123,10,10
1820,5395,2132,96,1480,1886,129,10,10
1821,5400,1740,1025,2747,2533,87,10,10
1822,5402,521,1998,1333,3054,226,10,10
1823,5407,3172,1469,183,1107,84,10,10
1824,5410,413,2205,123,1333,127,10,10
1825,5414,2404,206,307,1246,125,10,10
1826,5416,407,3523,1300,2438,123,10,10
1827,5420,1979,8,2518,981,106,10,10
1828,5421,2620,2696,248,2410,204,10,10
1829,5422,3291,1700,1662,2433,78,10,10
1830,5425,1794,394,2188,2292,232,10,10
1831,5428,2136,1999,2485,596,218,10,10
1832,5433,1575,500,104,2972,158,10,10
1833,5437,560,3071,2637,1398,208,10,10
1834,5440,1356,589,3355,1493,230,10,10
1835,5445,350,2375,236,770,153,10,10
1836,5448,602,86,500,1818,184,10,10
1837,5451,1347,3562,2537,3399,95,10,10
1838,5453,3308,657,2721,2592,131,10,10
1839,5458,3077,1983,2049,1446,92,10,10
1840,5459,1343,3242,2207,2935,132,10,10
1841,5460,1499,1604,2358,3526,199,10,10
1842,5462,1939,2612,80,19,232,10,10
1843,5466,2891,2377,1085,338,177,10,10
1844,5468,2861,3230,2949,927,198,10,10
1845,5471,2901,282,3051,2174,219,10,10
1846,5474,2215,1630,340,2467,173,10,10
1847,5477,1435,800,3462,2290,74,10,10
1848,5478,742,1352,2516,1768,77,10,10
1849,5481,3389,2327,186,923,147,10,10
1850,5485,2345,2188,2845,1937,127,10,10
1851,5490,2566,2252,198,2209,119,10,10
1852,5491,3146,893,302,666,119,10,10
1853,5495,3310,834,1852,2352,99,10,10
1854,5496,340,3447,1767,2579,115,10,10
1855,5499,57,2455,2963,1741,135,10,10
1856,5500,1099,121,2419,2920,187,10,10
1857,5503,3336,1672,19,2075,229,10,10
1858,5505,1681,2298,1566,3330,73,10,10
1859,5510,2200,2336,3167,1465,217,10,10
1860,5513,306,2783,2121,1771,185,10,10
1861,5514,1713,736,2501,49,236,10,10
1862,5517,2482,2530,2164,789,134,10,10
1863,5519,3115,385,2967,2157,185,10,10
1864,5522,1391,2788,2201,1358,81,10,10
1865,5525,1265,2463,1710,772,123,10,10
1866,5530,2874,3390,2634,1257,151,10,10
1867,5533,2113,53,1621,1192,106,10,10
1868,5535,2713,590,3581,36,225,10,10
1869,5537,2697,2786,2908,879,128,10,10
1870,5542,2644,483,2470,2711,144,10,10
1871,5547,2454,2691,415,3016,137,10,10
1872,5548,773,1954,1217,1877,183,10,10
1873,5549,2402,1189,2922,925,199,10,10
1874,5551,2783,738,309,3545,119,10,10
1875,5553,234,2938,387,2169,106,10,10
1876,5558,197,2017,1562,722,92,10,10
1877,5562,2932,485,1552,3540,87,10,10
1878,5565,256,2060,653,3137,169,10,10
1879,5567,1882,1754,3264,1745,176,10,10
1880,5568,1878,2637,2241,382,180,10,10
1881,5572,619,193,211,2969,123,10,10
1882,5574,2955,1327,512,1990,79,10,10
1883,5577,2745,709,2313,2097,113,10,10
1884,5581,1455,2729,1659,341,70,10,10
1885,5585,250,467,3247,3350,197,10,10
1886,5590,3519,797,2431,23,227,10,10
1887,5592,3295,2871,1756,3349,225,10,10
1888,5595,2560,1038,3584,1132,166,10,10
1889,5597,3369,3522,1814,3354,150,10,10
1890,5598,614,2191,2551,789,138,10,10
1891,5602,2423,970,2916,1925,179,10,10
1892,5603,1966,2934,1714,3228,149,10,10
1893,5606,1700,1049,3252,1790,134,10,10
1894,5608,276,1034,1220,272,231,10,10
1895,5609,1885,1758,1676,1447,171,10,10
1896,5612,2999,473,3119,1606,204,10,10
1897,5616,1307,3244,663,2498,142,10,10
1898,5621,2103,2444,2577,2403,155,10,10
1899,5624,1637,1850,3552,1730,239,10,10
1900,5627,289,680,1536,2047,204,10,10
1901,5632,3153,3439,197,2326,66,10,10
1902,5635,1803,1515,2460,3100,239,10,10
1903,5638,661,3235,1563,893,157,10,10
1904,5642,19,2894,1637,1653,103,10,10
1905,5647,1104,1330,1176,2490,73,10,10
1906,5649,1436,607,2709,2626,67,10,10
1907,5651,3513,3319,799,392,80,10,10
1908,5656,1721,1105,455,2622,87,10,10
1909,5658,202,3155,2038,2827,86,10,10
1910,5661,79,395,837,195,147,10,10
1911,5663,1172,1022,3031,325,164,10,10
1912,5664,2484,3422,2988,2650,115,10,10
1913,5666,425,2093,323,1238,108,10,10
1914,5670,3150,1577,1725,3479,180,10,10
1915,5675,1782,2913,2583,2405,93,10,10
1916,5677,1594,1080,3236,977,68,10,10
1917,5681,3026,2706,3035,234,81,10,10
1918,5683,933,3430,3131,2463,166,10,10
1919,5687,3257,1086,1159,3233,131,10,10
1920,5690,686,1551,135,3403,104,10,10
1921,5692,1681,2871,3010,1074,122,10,10
1922,5694,2779,680,874,826,152,10,10
1923,5698,482,1771,1403,1952,127,10,10
1924,5702,2411,1125,1441,1901,167,10,10
1925,5707,1629,1714,2177,1082,234,10,10
1926,5711,2815,2314,3001,986,111,10,10
1927,5716,3350,3011,1791,2013,205,10,10
1928,5718,1492,595,24,1264,223,10,10
1929,5723,1028,220,573,1090,139,10,10
1930,5727,3057,1970,2923,2663,160,10,10
1931,5731,319,2139,3569,1981,153,10,10
1932,5732,888,139,3008,261,168,10,10
1933,5734,88,223,350,220,73,10,10
1934,5738,640,1560,1276,472,232,10,10
1935,5741,3217,765,788,1329,101,10,10
1936,5744,2941,96,1400,2514,88,10,10
1937,5748,3513,3471,3305,310,112,10,10
1938,5750,2804,223,3032,3181,109,10,10
1939,5752,335,1245,3396,956,150,10,10
1940,5755,1753,1405,1451,1014,165,10,10
1941,5759,2815,3233,2528,543,142,10,10
1942,5761,524,1879,1423,2425,153,10,10
1943,5766,2299,981,2466,351,68,10,10
1944,5770,2347,388,1770,3360,211,10,10
1945,5774,3521,1441,3466,2346,178,10,10
1946,5778,2486,371,1842,978,117,10,10
1947,5782,1428,816,3387,3359,127,10,10
1948,5784,2515,3313,3060,1340,88,10,10
1949,5789,1066,970,2979,1602,214,10,10
1950,5791,2620,1467,1262,408,237,10,10
1951,5794,3119,958,2608,690,202,10,10
1952,5796,1691,1963,1321,2487,119,10,10
1953,5800,11,1128,717,1674,113,10,10
1954,5802,2906,905,1340,1870,158,10,10
1955,5805,2945,1512,3115,1430,117,10,10
1956,5808,1205,2802,3053,2602,92,10,10
1957,5811,3196,663,593,898,95,10,10
1958,5813,2913,3390,769,109,154,10,10
1959,5814,1789,3503,430,842,92,10,10
1960,5819,831,595,350,1352,60,10,10
1961,5823,3581,1072,2042,2957,115,10,10
1962,5826,423,570,2525,2139,168,10,10
1963,5827,1054,2883,973,2942,130,10,10
1964,5830,411,1012,1980,1903,112,10,10
1965,5831,3440,3571,2365,671,129,10,10
1966,5833,199,1235,2249,1093,171,10,10
1967,5836,2680,1511,6,1991,68,10,10
1968,5840,3469,192,109,1563,178,10,10
1969,5841,1859,3522,2012,3348,234,10,10
1970,5846,2257,1055,1051,707,221,10,10
1971,5849,2886,321,986,3086,62,10,10
1972,5854,1464,2901,2625,1611,164,10,10
1973,5856,1643,1814,2851,760,74,10,10
1974,5860,1251,275,1818,3259,113,10,10
1975,5863,901,3231,3191,1510,76,10,10
1976,5867,2882,639,509,3158,191,10,10
1977,5869,1931,1498,2796,63,178,10,10
1978,5871,660,3263,2266,377,185,10,10
1979,5875,2402,1269,1780,1216,78,10,10
1980,5880,1612,2365,2379,2119,117,10,10
1981,5885,161,1157,2147,2657,104,10,10
1982,5887,735,343,3289,830,141,10,10
1983,5890,3282,1204,130,894,222,10,10
1984,5894,2889,422,358,180,228,10,10
1985,5896,1602,3315,564,2045,98,10,10
1986,5901,1101,1570,2933,767,183,10,10
1987,5903,2993,2136,3163,2177,151,10,10
1988,5908,3541,199,2952,3315,218,10,10
1989,5912,1691,3311,244,213,68,10,10
1990,5914,1207,3518,460,176,215,10,10
1991,5919,29,3509,2420,1220,176,10,10
1992,5923,1692,371,960,2158,177,10,10
1993,5925,3383,368,1966,349,176,10,10
1994,5928,1937,2362,1329,1501,226,10,10
1995,5931,2355,400,748,271,113,10,10
1996,5936,2737,7,293,2596,230,10,10
1997,5940,1031,1146,453,2551,101,10,10
1998,5941,992,1205,2611,2039,109,10,10
1999,5942,2335,288,385,1850,128,10,10
2000,5944,3324,1623,3173,2922,185,10,10
2001,5945,266,2388,1764,1597,132,10,10
2002,5948,462,846,2746,742,198,10,10
2003,5953,1172,846,1342,2829,147,10,10
2004,5955,22,1497,3200,2481,154,10,10
2005,5957,14,565,2412,3379,168,10,10
2006,5961,1562,2704,1825,3059,119,10,10
2007,5963,2019,1140,26,1348,127,10,10
2008,5968,2541,2759,2087,3159,115,10,10
2009,5972,3235,3244,2532,1200,188,10,10
2010,5975,354,2965,2171,892,211,10,10
2011,5979,3365,845,279,871,238,10,10
2012,5983,1472,1881,2393,1217,95,10,10
2013,5986,1537,1335,3074,498,67,10,10
2014,5989,1567,780,462,173,170,10,10
2015,5990,3012,1581,3553,2104,148,10,10
2016,5991,3489,12,2300,3575,79,10,10
2017,5994,1465,948,654,2077,110,10,10
2018,5997,280,2139,2510,915,172,10,10
2019,6001,2333,817,3074,3078,204,10,10
2020,6004,3025,1253,2456,461,111,10,10
2021,6009,2257,2765,465,3450,98,10,10
2022,6013,2997,762,2221,1766,183,10,10
2023,6017,171,318,1709,240,173,10,10
2024,6021,1473,3263,3158,1224,198,10,10
2025,6023,1413,2184,3309,1754,212,10,10
2026,6026,2454,100,344,702,235,10,10
2027,6031,90,604,530,1680,211,10,10
2028,6032,1753,3078,109,3396,66,10,10
2029,6037,3519,1042,1569,1996,209,10,10
2030,6039,2673,187,1401,32,71,10,10
2031,6044,3540,3443,2386,2496,194,10,10
2032,6045,588,3446,1812,1607,207,10,10
2033,6050,1710,1738,2736,1477,154,10,10
2034,6051,3100,1771,1565,2974,214,10,10
2035,6054,2434,2544,3018,800,140,10,10
2036,6056,2115,1768,1292,3303,186,10,10
2037,6058,3510,1176,1510,344,147,10,10
2038,6060,709,3168,361,1166,124,10,10
2039,6061,3392,1367,3258,2950,220,10,10
2040,6064,3386,122,1302,2837,124,10,10
2041,6068,2916,135,3411,666,72,10,10
2042,6073,2086,741,2627,1498,212,10,10
2043,6074,79,1890,277,3217,100,10,10
2044,6075,1609,1157,1464,3040,68,10,10
2045,6078,1178,952,1408,363,184,10,10
2046,6079,2088,1324,2101,3315,135,10,10
2047,6083,901,1600,1399,618,173,10,10
2048,6084,209,1863,923,3024,95,10,10
2049,6087,2338,2498,759,1607,240,10,10
2050,6090,906,3462,2030,1111,147,10,10
2051,6091,622,3499,2556,1615,192,10,10
2052,6093,2276,2663,1310,2570,115,10,10
2053,6097,840,2466,31,470,90,10,10
2054,6101,1382,551,406,2520,190,10,10
2055,6105,1683,401,3305,309,194,10,10
2056,6106,3495,3015,2199,86,79,10,10
2057,6108,3082,2236,290,2321,171,10,10
2058,6110,836,909,5,1969,114,10,10
2059,6113,3380,963,299,1855,177,10,10
2060,6117,658,1834,504,3294,60,10,10
